Aug 10, 2026 4:23:48 PM com.google.cloud.datastore.emulator.firestore.websocket.WebSocketServer start
INFO: Started WebSocket server on ws://127.0.0.1:9150

API endpoint: http://127.0.0.1:8080
Database Edition: STANDARD
Database Mode: CLOUD_FIRESTORE

If you are using a library that supports the FIRESTORE_EMULATOR_HOST environment variable, run:

   export FIRESTORE_EMULATOR_HOST=127.0.0.1:8080

If you are running a Firestore in Datastore Mode project, run:

   export DATASTORE_EMULATOR_HOST=127.0.0.1:8080

Note: Support for Datastore Mode is in preview. If you encounter any bugs please file at https://github.com/firebase/firebase-tools/issues.
Dev App Server is now running.

Aug 10, 2026 4:24:43 PM com.google.cloud.datastore.emulator.firestore.websocket.WebSocketChannelHandler initChannel
INFO: Connected to new websocket client
Aug 10, 2026 4:27:04 PM io.gapi.emulators.netty.HttpVersionRoutingHandler channelRead
INFO: Detected non-HTTP/2 connection.
Aug 10, 2026 4:27:04 PM io.gapi.emulators.netty.HttpVersionRoutingHandler channelRead
INFO: Detected non-HTTP/2 connection.
Aug 10, 2026 4:27:04 PM io.gapi.emulators.netty.HttpVersionRoutingHandler channelRead
INFO: Detected non-HTTP/2 connection.
Aug 10, 2026 4:27:06 PM io.gapi.emulators.netty.HttpVersionRoutingHandler channelRead
INFO: Detected HTTP/2 connection.
Aug 10, 2026 4:27:10 PM io.gapi.emulators.netty.HttpVersionRoutingHandler channelRead
INFO: Detected non-HTTP/2 connection.
Aug 10, 2026 4:27:10 PM io.gapi.emulators.netty.HttpVersionRoutingHandler channelRead
INFO: Detected non-HTTP/2 connection.
Aug 10, 2026 4:27:10 PM io.gapi.emulators.netty.HttpVersionRoutingHandler channelRead
INFO: Detected non-HTTP/2 connection.
Aug 10, 2026 4:27:10 PM io.gapi.emulators.netty.HttpVersionRoutingHandler channelRead
INFO: Detected non-HTTP/2 connection.
Aug 10, 2026 4:27:10 PM io.gapi.emulators.netty.HttpVersionRoutingHandler channelRead
INFO: Detected non-HTTP/2 connection.
Aug 10, 2026 4:27:11 PM io.gapi.emulators.netty.HttpVersionRoutingHandler channelRead
INFO: Detected non-HTTP/2 connection.
Aug 10, 2026 4:27:11 PM io.gapi.emulators.netty.HttpVersionRoutingHandler channelRead
INFO: Detected non-HTTP/2 connection.
Aug 10, 2026 4:27:17 PM io.gapi.emulators.netty.HttpVersionRoutingHandler channelRead
INFO: Detected non-HTTP/2 connection.
Aug 10, 2026 4:27:17 PM io.gapi.emulators.netty.HttpVersionRoutingHandler channelRead
INFO: Detected non-HTTP/2 connection.
Aug 10, 2026 4:27:17 PM io.gapi.emulators.netty.HttpVersionRoutingHandler channelRead
INFO: Detected non-HTTP/2 connection.
Aug 10, 2026 4:27:17 PM io.netty.channel.DefaultChannelPipeline onUnhandledInboundException
WARNING: An exceptionCaught() event was fired, and it reached at the tail of the pipeline. It usually means the last handler in the pipeline did not handle the exception.
io.netty.channel.StacklessClosedChannelException
	at io.netty.channel.AbstractChannel$AbstractUnsafe.write(Object, ChannelPromise)(Unknown Source)

Aug 10, 2026 4:27:17 PM com.google.cloud.datastore.emulator.firestore.webchannel.FirestoreV1WebChannelAdapter$FirestoreListenHandler onClose
INFO: channel closed
Aug 10, 2026 4:27:17 PM com.google.cloud.datastore.emulator.firestore.webchannel.FirestoreV1WebChannelAdapter$FirestoreWriteHandler onClose
INFO: channel closed
Aug 10, 2026 4:27:40 PM io.gapi.emulators.netty.HttpVersionRoutingHandler channelRead
INFO: Detected non-HTTP/2 connection.
Aug 10, 2026 4:27:40 PM io.gapi.emulators.netty.HttpVersionRoutingHandler channelRead
INFO: Detected non-HTTP/2 connection.
Aug 10, 2026 4:27:40 PM io.gapi.emulators.netty.HttpVersionRoutingHandler channelRead
INFO: Detected non-HTTP/2 connection.
Aug 10, 2026 4:27:40 PM io.gapi.emulators.netty.HttpVersionRoutingHandler channelRead
INFO: Detected non-HTTP/2 connection.
Aug 10, 2026 4:27:40 PM io.gapi.emulators.netty.HttpVersionRoutingHandler channelRead
INFO: Detected non-HTTP/2 connection.
Aug 10, 2026 4:27:40 PM io.gapi.emulators.netty.HttpVersionRoutingHandler channelRead
INFO: Detected non-HTTP/2 connection.
Aug 10, 2026 4:27:40 PM io.gapi.emulators.netty.HttpVersionRoutingHandler channelRead
INFO: Detected non-HTTP/2 connection.
Aug 10, 2026 4:27:41 PM io.gapi.emulators.netty.HttpVersionRoutingHandler channelRead
INFO: Detected non-HTTP/2 connection.
Aug 10, 2026 4:27:52 PM io.gapi.emulators.netty.HttpVersionRoutingHandler channelRead
INFO: Detected non-HTTP/2 connection.
Aug 10, 2026 4:27:52 PM io.gapi.emulators.netty.HttpVersionRoutingHandler channelRead
INFO: Detected non-HTTP/2 connection.
Aug 10, 2026 4:27:56 PM io.gapi.emulators.netty.HttpVersionRoutingHandler channelRead
INFO: Detected non-HTTP/2 connection.
Aug 10, 2026 4:28:16 PM io.gapi.emulators.netty.HttpVersionRoutingHandler channelRead
INFO: Detected non-HTTP/2 connection.
Aug 10, 2026 4:28:16 PM io.gapi.emulators.netty.HttpVersionRoutingHandler channelRead
INFO: Detected non-HTTP/2 connection.
Aug 10, 2026 4:28:16 PM io.gapi.emulators.netty.HttpVersionRoutingHandler channelRead
INFO: Detected non-HTTP/2 connection.
Aug 10, 2026 4:28:30 PM io.gapi.emulators.netty.HttpVersionRoutingHandler channelRead
INFO: Detected non-HTTP/2 connection.
Aug 10, 2026 4:28:59 PM io.gapi.emulators.netty.HttpVersionRoutingHandler channelRead
INFO: Detected non-HTTP/2 connection.
Aug 10, 2026 4:28:59 PM com.google.cloud.datastore.emulator.firestore.webchannel.FirestoreV1WebChannelAdapter$FirestoreWriteHandler onClose
INFO: channel closed
Aug 10, 2026 4:29:03 PM io.gapi.emulators.netty.HttpVersionRoutingHandler channelRead
INFO: Detected non-HTTP/2 connection.
Aug 10, 2026 4:29:13 PM io.gapi.emulators.netty.HttpVersionRoutingHandler channelRead
INFO: Detected non-HTTP/2 connection.
Aug 10, 2026 4:29:13 PM io.gapi.emulators.netty.HttpVersionRoutingHandler channelRead
INFO: Detected non-HTTP/2 connection.
Aug 10, 2026 4:29:13 PM io.gapi.emulators.netty.HttpVersionRoutingHandler channelRead
INFO: Detected non-HTTP/2 connection.
Aug 10, 2026 4:29:14 PM io.gapi.emulators.netty.HttpVersionRoutingHandler channelRead
INFO: Detected non-HTTP/2 connection.
Aug 10, 2026 4:29:30 PM io.gapi.emulators.netty.HttpVersionRoutingHandler channelRead
INFO: Detected non-HTTP/2 connection.
Aug 10, 2026 4:29:30 PM io.gapi.emulators.netty.HttpVersionRoutingHandler channelRead
INFO: Detected non-HTTP/2 connection.
Aug 10, 2026 4:29:30 PM io.gapi.emulators.netty.HttpVersionRoutingHandler channelRead
INFO: Detected non-HTTP/2 connection.
Aug 10, 2026 4:29:30 PM io.gapi.emulators.netty.HttpVersionRoutingHandler channelRead
INFO: Detected non-HTTP/2 connection.
Aug 10, 2026 4:29:45 PM io.gapi.emulators.netty.HttpVersionRoutingHandler channelRead
INFO: Detected non-HTTP/2 connection.
Aug 10, 2026 4:29:45 PM io.gapi.emulators.netty.HttpVersionRoutingHandler channelRead
INFO: Detected non-HTTP/2 connection.
Aug 10, 2026 4:29:45 PM io.gapi.emulators.netty.HttpVersionRoutingHandler channelRead
INFO: Detected non-HTTP/2 connection.
Aug 10, 2026 4:29:45 PM io.gapi.emulators.netty.HttpVersionRoutingHandler channelRead
INFO: Detected non-HTTP/2 connection.
Aug 10, 2026 4:30:21 PM io.gapi.emulators.netty.HttpVersionRoutingHandler channelRead
INFO: Detected non-HTTP/2 connection.
Aug 10, 2026 4:30:21 PM io.gapi.emulators.netty.HttpVersionRoutingHandler channelRead
INFO: Detected non-HTTP/2 connection.
Aug 10, 2026 4:30:21 PM io.gapi.emulators.netty.HttpVersionRoutingHandler channelRead
INFO: Detected non-HTTP/2 connection.
Aug 10, 2026 4:31:10 PM io.gapi.emulators.netty.HttpVersionRoutingHandler channelRead
INFO: Detected non-HTTP/2 connection.
Aug 10, 2026 4:31:52 PM io.gapi.emulators.netty.HttpVersionRoutingHandler channelRead
INFO: Detected non-HTTP/2 connection.
Aug 10, 2026 4:32:16 PM io.gapi.emulators.netty.HttpVersionRoutingHandler channelRead
INFO: Detected non-HTTP/2 connection.
Aug 10, 2026 4:32:16 PM io.gapi.emulators.netty.HttpVersionRoutingHandler channelRead
INFO: Detected non-HTTP/2 connection.
Aug 10, 2026 4:32:17 PM io.gapi.emulators.netty.HttpVersionRoutingHandler channelRead
INFO: Detected non-HTTP/2 connection.
Aug 10, 2026 4:32:37 PM io.gapi.emulators.netty.HttpVersionRoutingHandler channelRead
INFO: Detected non-HTTP/2 connection.
Aug 10, 2026 4:32:37 PM io.gapi.emulators.netty.HttpVersionRoutingHandler channelRead
INFO: Detected non-HTTP/2 connection.
Aug 10, 2026 4:32:37 PM io.gapi.emulators.netty.HttpVersionRoutingHandler channelRead
INFO: Detected non-HTTP/2 connection.
Aug 10, 2026 4:32:37 PM io.gapi.emulators.netty.HttpVersionRoutingHandler channelRead
INFO: Detected non-HTTP/2 connection.
Aug 10, 2026 4:32:37 PM io.gapi.emulators.netty.HttpVersionRoutingHandler channelRead
INFO: Detected non-HTTP/2 connection.
Aug 10, 2026 4:32:37 PM io.gapi.emulators.netty.HttpVersionRoutingHandler channelRead
INFO: Detected non-HTTP/2 connection.
Aug 10, 2026 4:32:42 PM io.gapi.emulators.netty.HttpVersionRoutingHandler channelRead
INFO: Detected non-HTTP/2 connection.
Aug 10, 2026 4:32:42 PM io.gapi.emulators.netty.HttpVersionRoutingHandler channelRead
INFO: Detected non-HTTP/2 connection.
Aug 10, 2026 4:32:45 PM io.gapi.emulators.netty.HttpVersionRoutingHandler channelRead
INFO: Detected non-HTTP/2 connection.
Aug 10, 2026 4:32:45 PM io.gapi.emulators.netty.HttpVersionRoutingHandler channelRead
INFO: Detected non-HTTP/2 connection.
Aug 10, 2026 4:32:45 PM io.gapi.emulators.netty.HttpVersionRoutingHandler channelRead
INFO: Detected non-HTTP/2 connection.
Aug 10, 2026 4:32:46 PM io.gapi.emulators.netty.HttpVersionRoutingHandler channelRead
INFO: Detected non-HTTP/2 connection.
Aug 10, 2026 4:32:46 PM io.gapi.emulators.netty.HttpVersionRoutingHandler channelRead
INFO: Detected non-HTTP/2 connection.
Aug 10, 2026 4:32:46 PM io.gapi.emulators.netty.HttpVersionRoutingHandler channelRead
INFO: Detected non-HTTP/2 connection.
Aug 10, 2026 4:32:47 PM io.gapi.emulators.netty.HttpVersionRoutingHandler channelRead
INFO: Detected non-HTTP/2 connection.
Aug 10, 2026 4:32:47 PM io.gapi.emulators.netty.HttpVersionRoutingHandler channelRead
INFO: Detected non-HTTP/2 connection.
Aug 10, 2026 4:32:51 PM io.gapi.emulators.netty.HttpVersionRoutingHandler channelRead
INFO: Detected non-HTTP/2 connection.
Aug 10, 2026 4:32:51 PM io.gapi.emulators.netty.HttpVersionRoutingHandler channelRead
INFO: Detected non-HTTP/2 connection.
Aug 10, 2026 4:32:51 PM io.gapi.emulators.netty.HttpVersionRoutingHandler channelRead
INFO: Detected non-HTTP/2 connection.
Aug 10, 2026 4:32:51 PM io.gapi.emulators.netty.HttpVersionRoutingHandler channelRead
INFO: Detected non-HTTP/2 connection.
Aug 10, 2026 4:32:51 PM io.gapi.emulators.netty.HttpVersionRoutingHandler channelRead
INFO: Detected non-HTTP/2 connection.
Aug 10, 2026 4:33:04 PM io.gapi.emulators.netty.HttpVersionRoutingHandler channelRead
INFO: Detected non-HTTP/2 connection.
Aug 10, 2026 4:33:04 PM io.gapi.emulators.netty.HttpVersionRoutingHandler channelRead
INFO: Detected non-HTTP/2 connection.
Aug 10, 2026 4:33:10 PM io.gapi.emulators.netty.HttpVersionRoutingHandler channelRead
INFO: Detected non-HTTP/2 connection.
Aug 10, 2026 4:33:10 PM io.gapi.emulators.netty.HttpVersionRoutingHandler channelRead
INFO: Detected non-HTTP/2 connection.
Aug 10, 2026 4:33:10 PM io.gapi.emulators.netty.HttpVersionRoutingHandler channelRead
INFO: Detected non-HTTP/2 connection.
Aug 10, 2026 4:33:10 PM io.gapi.emulators.netty.HttpVersionRoutingHandler channelRead
INFO: Detected non-HTTP/2 connection.
Aug 10, 2026 4:33:18 PM io.gapi.emulators.netty.HttpVersionRoutingHandler channelRead
INFO: Detected non-HTTP/2 connection.
Aug 10, 2026 4:33:34 PM io.gapi.emulators.netty.HttpVersionRoutingHandler channelRead
INFO: Detected non-HTTP/2 connection.
Aug 10, 2026 4:33:34 PM io.gapi.emulators.netty.HttpVersionRoutingHandler channelRead
INFO: Detected non-HTTP/2 connection.
Aug 10, 2026 4:33:34 PM io.gapi.emulators.netty.HttpVersionRoutingHandler channelRead
INFO: Detected non-HTTP/2 connection.
Aug 10, 2026 4:33:34 PM io.gapi.emulators.netty.HttpVersionRoutingHandler channelRead
INFO: Detected non-HTTP/2 connection.
Aug 10, 2026 4:33:34 PM io.gapi.emulators.netty.HttpVersionRoutingHandler channelRead
INFO: Detected non-HTTP/2 connection.
Aug 10, 2026 4:33:40 PM io.gapi.emulators.netty.HttpVersionRoutingHandler channelRead
INFO: Detected non-HTTP/2 connection.
Aug 10, 2026 4:33:40 PM io.gapi.emulators.netty.HttpVersionRoutingHandler channelRead
INFO: Detected non-HTTP/2 connection.
Aug 10, 2026 4:33:41 PM io.gapi.emulators.netty.HttpVersionRoutingHandler channelRead
INFO: Detected non-HTTP/2 connection.
Aug 10, 2026 4:33:41 PM io.gapi.emulators.netty.HttpVersionRoutingHandler channelRead
INFO: Detected non-HTTP/2 connection.
Aug 10, 2026 4:33:41 PM io.gapi.emulators.netty.HttpVersionRoutingHandler channelRead
INFO: Detected non-HTTP/2 connection.
Aug 10, 2026 4:34:14 PM io.gapi.emulators.netty.HttpVersionRoutingHandler channelRead
INFO: Detected non-HTTP/2 connection.
Aug 10, 2026 4:34:14 PM io.gapi.emulators.netty.HttpVersionRoutingHandler channelRead
INFO: Detected non-HTTP/2 connection.
Aug 10, 2026 4:34:23 PM io.gapi.emulators.netty.HttpVersionRoutingHandler channelRead
INFO: Detected non-HTTP/2 connection.
Aug 10, 2026 4:34:23 PM io.gapi.emulators.netty.HttpVersionRoutingHandler channelRead
INFO: Detected non-HTTP/2 connection.
Aug 10, 2026 4:34:23 PM io.gapi.emulators.netty.HttpVersionRoutingHandler channelRead
INFO: Detected non-HTTP/2 connection.
Aug 10, 2026 4:34:23 PM io.gapi.emulators.netty.HttpVersionRoutingHandler channelRead
INFO: Detected non-HTTP/2 connection.
Aug 10, 2026 4:34:26 PM io.gapi.emulators.netty.HttpVersionRoutingHandler channelRead
INFO: Detected non-HTTP/2 connection.
Aug 10, 2026 4:35:02 PM io.gapi.emulators.netty.HttpVersionRoutingHandler channelRead
INFO: Detected non-HTTP/2 connection.
Aug 10, 2026 4:35:02 PM io.gapi.emulators.netty.HttpVersionRoutingHandler channelRead
INFO: Detected non-HTTP/2 connection.
Aug 10, 2026 4:35:04 PM io.gapi.emulators.netty.HttpVersionRoutingHandler channelRead
INFO: Detected non-HTTP/2 connection.
Aug 10, 2026 4:35:04 PM io.gapi.emulators.netty.HttpVersionRoutingHandler channelRead
INFO: Detected non-HTTP/2 connection.
Aug 10, 2026 4:35:04 PM io.gapi.emulators.netty.HttpVersionRoutingHandler channelRead
INFO: Detected non-HTTP/2 connection.
Aug 10, 2026 4:35:05 PM io.gapi.emulators.netty.HttpVersionRoutingHandler channelRead
INFO: Detected non-HTTP/2 connection.
Aug 10, 2026 4:35:08 PM io.gapi.emulators.netty.HttpVersionRoutingHandler channelRead
INFO: Detected non-HTTP/2 connection.
Aug 10, 2026 4:35:23 PM io.gapi.emulators.netty.HttpVersionRoutingHandler channelRead
INFO: Detected non-HTTP/2 connection.
Aug 10, 2026 4:35:23 PM com.google.cloud.datastore.emulator.firestore.webchannel.FirestoreV1WebChannelAdapter$FirestoreWriteHandler onClose
INFO: channel closed
Aug 10, 2026 4:35:36 PM io.gapi.emulators.netty.HttpVersionRoutingHandler channelRead
INFO: Detected non-HTTP/2 connection.
Aug 10, 2026 4:35:42 PM io.gapi.emulators.netty.HttpVersionRoutingHandler channelRead
INFO: Detected non-HTTP/2 connection.
Aug 10, 2026 4:35:42 PM io.gapi.emulators.netty.HttpVersionRoutingHandler channelRead
INFO: Detected non-HTTP/2 connection.
Aug 10, 2026 4:35:42 PM com.google.cloud.datastore.emulator.firestore.websocket.WebSocketChannelHandler channelClosed
INFO: Websocket client disconnected
Aug 10, 2026 4:35:59 PM io.gapi.emulators.netty.HttpVersionRoutingHandler channelRead
INFO: Detected non-HTTP/2 connection.
Aug 10, 2026 4:35:59 PM io.gapi.emulators.netty.HttpVersionRoutingHandler channelRead
INFO: Detected non-HTTP/2 connection.
Aug 10, 2026 4:35:59 PM io.gapi.emulators.netty.HttpVersionRoutingHandler channelRead
INFO: Detected non-HTTP/2 connection.
Aug 10, 2026 4:36:11 PM com.google.cloud.datastore.emulator.firestore.websocket.WebSocketChannelHandler initChannel
INFO: Connected to new websocket client
Aug 10, 2026 4:36:29 PM io.gapi.emulators.netty.HttpVersionRoutingHandler channelRead
INFO: Detected non-HTTP/2 connection.
Aug 10, 2026 4:36:29 PM io.gapi.emulators.netty.HttpVersionRoutingHandler channelRead
INFO: Detected non-HTTP/2 connection.
Aug 10, 2026 4:36:30 PM io.gapi.emulators.netty.HttpVersionRoutingHandler channelRead
INFO: Detected non-HTTP/2 connection.
Aug 10, 2026 4:36:30 PM io.gapi.emulators.netty.HttpVersionRoutingHandler channelRead
INFO: Detected non-HTTP/2 connection.
Aug 10, 2026 4:36:31 PM io.gapi.emulators.netty.HttpVersionRoutingHandler channelRead
INFO: Detected non-HTTP/2 connection.
Aug 10, 2026 4:36:38 PM io.gapi.emulators.netty.HttpVersionRoutingHandler channelRead
INFO: Detected non-HTTP/2 connection.
Aug 10, 2026 4:36:38 PM io.gapi.emulators.netty.HttpVersionRoutingHandler channelRead
INFO: Detected non-HTTP/2 connection.
Aug 10, 2026 4:36:53 PM io.gapi.emulators.netty.HttpVersionRoutingHandler channelRead
INFO: Detected non-HTTP/2 connection.
Aug 10, 2026 4:36:53 PM io.gapi.emulators.netty.HttpVersionRoutingHandler channelRead
INFO: Detected non-HTTP/2 connection.
Aug 10, 2026 4:36:53 PM io.gapi.emulators.netty.HttpVersionRoutingHandler channelRead
INFO: Detected non-HTTP/2 connection.
Aug 10, 2026 4:37:11 PM io.gapi.emulators.netty.HttpVersionRoutingHandler channelRead
INFO: Detected non-HTTP/2 connection.
Aug 10, 2026 4:37:12 PM io.gapi.emulators.netty.HttpVersionRoutingHandler channelRead
INFO: Detected non-HTTP/2 connection.
Aug 10, 2026 4:37:12 PM io.gapi.emulators.netty.HttpVersionRoutingHandler channelRead
INFO: Detected non-HTTP/2 connection.
Aug 10, 2026 4:37:12 PM io.gapi.emulators.netty.HttpVersionRoutingHandler channelRead
INFO: Detected non-HTTP/2 connection.
Aug 10, 2026 4:37:12 PM io.gapi.emulators.netty.HttpVersionRoutingHandler channelRead
INFO: Detected non-HTTP/2 connection.
Aug 10, 2026 4:37:13 PM io.gapi.emulators.netty.HttpVersionRoutingHandler channelRead
INFO: Detected non-HTTP/2 connection.
Aug 10, 2026 4:37:13 PM io.gapi.emulators.netty.HttpVersionRoutingHandler channelRead
INFO: Detected non-HTTP/2 connection.
Aug 10, 2026 4:37:13 PM io.gapi.emulators.netty.HttpVersionRoutingHandler channelRead
INFO: Detected non-HTTP/2 connection.
Aug 10, 2026 4:37:13 PM io.gapi.emulators.netty.HttpVersionRoutingHandler channelRead
INFO: Detected non-HTTP/2 connection.
Aug 10, 2026 4:37:14 PM io.gapi.emulators.netty.HttpVersionRoutingHandler channelRead
INFO: Detected non-HTTP/2 connection.
Aug 10, 2026 4:37:19 PM io.gapi.emulators.netty.HttpVersionRoutingHandler channelRead
INFO: Detected non-HTTP/2 connection.
Aug 10, 2026 4:37:19 PM io.gapi.emulators.netty.HttpVersionRoutingHandler channelRead
INFO: Detected non-HTTP/2 connection.
Aug 10, 2026 4:37:19 PM io.gapi.emulators.netty.HttpVersionRoutingHandler channelRead
INFO: Detected non-HTTP/2 connection.
Aug 10, 2026 4:37:20 PM io.gapi.emulators.netty.HttpVersionRoutingHandler channelRead
INFO: Detected non-HTTP/2 connection.
Aug 10, 2026 4:37:20 PM io.gapi.emulators.netty.HttpVersionRoutingHandler channelRead
INFO: Detected non-HTTP/2 connection.
Aug 10, 2026 4:37:20 PM io.gapi.emulators.netty.HttpVersionRoutingHandler channelRead
INFO: Detected non-HTTP/2 connection.
Aug 10, 2026 4:37:20 PM io.gapi.emulators.netty.HttpVersionRoutingHandler channelRead
INFO: Detected non-HTTP/2 connection.
Aug 10, 2026 4:37:20 PM io.gapi.emulators.netty.HttpVersionRoutingHandler channelRead
INFO: Detected non-HTTP/2 connection.
Aug 10, 2026 4:37:20 PM io.gapi.emulators.netty.HttpVersionRoutingHandler channelRead
INFO: Detected non-HTTP/2 connection.
Aug 10, 2026 4:37:20 PM io.gapi.emulators.netty.HttpVersionRoutingHandler channelRead
INFO: Detected non-HTTP/2 connection.
Aug 10, 2026 4:37:22 PM io.gapi.emulators.netty.HttpVersionRoutingHandler channelRead
INFO: Detected non-HTTP/2 connection.
Aug 10, 2026 4:37:23 PM io.gapi.emulators.netty.HttpVersionRoutingHandler channelRead
INFO: Detected non-HTTP/2 connection.
Aug 10, 2026 4:37:23 PM io.gapi.emulators.netty.HttpVersionRoutingHandler channelRead
INFO: Detected non-HTTP/2 connection.
Aug 10, 2026 4:37:23 PM io.gapi.emulators.netty.HttpVersionRoutingHandler channelRead
INFO: Detected non-HTTP/2 connection.
Aug 10, 2026 4:37:23 PM io.gapi.emulators.netty.HttpVersionRoutingHandler channelRead
INFO: Detected non-HTTP/2 connection.
Aug 10, 2026 4:37:23 PM io.gapi.emulators.netty.HttpVersionRoutingHandler channelRead
INFO: Detected non-HTTP/2 connection.
Aug 10, 2026 4:37:23 PM io.gapi.emulators.netty.HttpVersionRoutingHandler channelRead
INFO: Detected non-HTTP/2 connection.
Aug 10, 2026 4:37:23 PM io.gapi.emulators.netty.HttpVersionRoutingHandler channelRead
INFO: Detected non-HTTP/2 connection.
Aug 10, 2026 4:37:24 PM io.gapi.emulators.netty.HttpVersionRoutingHandler channelRead
INFO: Detected non-HTTP/2 connection.
Aug 10, 2026 4:37:24 PM io.gapi.emulators.netty.HttpVersionRoutingHandler channelRead
INFO: Detected non-HTTP/2 connection.
Aug 10, 2026 4:37:24 PM io.gapi.emulators.netty.HttpVersionRoutingHandler channelRead
INFO: Detected non-HTTP/2 connection.
Aug 10, 2026 4:37:24 PM io.gapi.emulators.netty.HttpVersionRoutingHandler channelRead
INFO: Detected non-HTTP/2 connection.
Aug 10, 2026 4:37:26 PM io.gapi.emulators.netty.HttpVersionRoutingHandler channelRead
INFO: Detected non-HTTP/2 connection.
Aug 10, 2026 4:37:29 PM io.gapi.emulators.netty.HttpVersionRoutingHandler channelRead
INFO: Detected non-HTTP/2 connection.
Aug 10, 2026 4:37:29 PM io.gapi.emulators.netty.HttpVersionRoutingHandler channelRead
INFO: Detected non-HTTP/2 connection.
Aug 10, 2026 4:37:29 PM io.gapi.emulators.netty.HttpVersionRoutingHandler channelRead
INFO: Detected non-HTTP/2 connection.
Aug 10, 2026 4:37:29 PM io.gapi.emulators.netty.HttpVersionRoutingHandler channelRead
INFO: Detected non-HTTP/2 connection.
Aug 10, 2026 4:37:29 PM io.gapi.emulators.netty.HttpVersionRoutingHandler channelRead
INFO: Detected non-HTTP/2 connection.
Aug 10, 2026 4:37:29 PM io.gapi.emulators.netty.HttpVersionRoutingHandler channelRead
INFO: Detected non-HTTP/2 connection.
Aug 10, 2026 4:37:30 PM io.gapi.emulators.netty.HttpVersionRoutingHandler channelRead
INFO: Detected non-HTTP/2 connection.
Aug 10, 2026 4:37:30 PM io.gapi.emulators.netty.HttpVersionRoutingHandler channelRead
INFO: Detected non-HTTP/2 connection.
Aug 10, 2026 4:37:30 PM io.gapi.emulators.netty.HttpVersionRoutingHandler channelRead
INFO: Detected non-HTTP/2 connection.
Aug 10, 2026 4:37:30 PM io.gapi.emulators.netty.HttpVersionRoutingHandler channelRead
INFO: Detected non-HTTP/2 connection.
Aug 10, 2026 4:37:31 PM io.gapi.emulators.netty.HttpVersionRoutingHandler channelRead
INFO: Detected non-HTTP/2 connection.
Aug 10, 2026 4:37:39 PM io.gapi.emulators.netty.HttpVersionRoutingHandler channelRead
INFO: Detected non-HTTP/2 connection.
Aug 10, 2026 4:37:39 PM io.gapi.emulators.netty.HttpVersionRoutingHandler channelRead
INFO: Detected non-HTTP/2 connection.
Aug 10, 2026 4:37:54 PM io.gapi.emulators.netty.HttpVersionRoutingHandler channelRead
INFO: Detected non-HTTP/2 connection.
Aug 10, 2026 4:37:54 PM com.google.cloud.datastore.emulator.firestore.webchannel.FirestoreV1WebChannelAdapter$FirestoreWriteHandler onClose
INFO: channel closed
Aug 10, 2026 4:38:08 PM io.gapi.emulators.netty.HttpVersionRoutingHandler channelRead
INFO: Detected non-HTTP/2 connection.
Aug 10, 2026 4:38:11 PM io.gapi.emulators.netty.HttpVersionRoutingHandler channelRead
INFO: Detected non-HTTP/2 connection.
Aug 10, 2026 4:38:13 PM io.gapi.emulators.netty.HttpVersionRoutingHandler channelRead
INFO: Detected non-HTTP/2 connection.
Aug 10, 2026 4:38:13 PM io.gapi.emulators.netty.HttpVersionRoutingHandler channelRead
INFO: Detected non-HTTP/2 connection.
Aug 10, 2026 4:38:14 PM io.gapi.emulators.netty.HttpVersionRoutingHandler channelRead
INFO: Detected non-HTTP/2 connection.
Aug 10, 2026 4:38:14 PM io.gapi.emulators.netty.HttpVersionRoutingHandler channelRead
INFO: Detected non-HTTP/2 connection.
Aug 10, 2026 4:38:14 PM io.gapi.emulators.netty.HttpVersionRoutingHandler channelRead
INFO: Detected non-HTTP/2 connection.
Aug 10, 2026 4:38:14 PM io.gapi.emulators.netty.HttpVersionRoutingHandler channelRead
INFO: Detected non-HTTP/2 connection.
Aug 10, 2026 4:38:14 PM io.gapi.emulators.netty.HttpVersionRoutingHandler channelRead
INFO: Detected non-HTTP/2 connection.
Aug 10, 2026 4:38:15 PM io.gapi.emulators.netty.HttpVersionRoutingHandler channelRead
INFO: Detected non-HTTP/2 connection.
Aug 10, 2026 4:38:15 PM io.gapi.emulators.netty.HttpVersionRoutingHandler channelRead
INFO: Detected non-HTTP/2 connection.
Aug 10, 2026 4:38:15 PM io.gapi.emulators.netty.HttpVersionRoutingHandler channelRead
INFO: Detected non-HTTP/2 connection.
Aug 10, 2026 4:38:15 PM io.gapi.emulators.netty.HttpVersionRoutingHandler channelRead
INFO: Detected non-HTTP/2 connection.
Aug 10, 2026 4:38:15 PM io.gapi.emulators.netty.HttpVersionRoutingHandler channelRead
INFO: Detected non-HTTP/2 connection.
Aug 10, 2026 4:38:29 PM io.gapi.emulators.netty.HttpVersionRoutingHandler channelRead
INFO: Detected non-HTTP/2 connection.
Aug 10, 2026 4:38:29 PM io.gapi.emulators.netty.HttpVersionRoutingHandler channelRead
INFO: Detected non-HTTP/2 connection.
Aug 10, 2026 4:38:30 PM io.gapi.emulators.netty.HttpVersionRoutingHandler channelRead
INFO: Detected non-HTTP/2 connection.
Aug 10, 2026 4:38:30 PM io.gapi.emulators.netty.HttpVersionRoutingHandler channelRead
INFO: Detected non-HTTP/2 connection.
Aug 10, 2026 4:38:36 PM io.gapi.emulators.netty.HttpVersionRoutingHandler channelRead
INFO: Detected non-HTTP/2 connection.
Aug 10, 2026 4:38:36 PM io.gapi.emulators.netty.HttpVersionRoutingHandler channelRead
INFO: Detected non-HTTP/2 connection.
Aug 10, 2026 4:38:36 PM io.gapi.emulators.netty.HttpVersionRoutingHandler channelRead
INFO: Detected non-HTTP/2 connection.
Aug 10, 2026 4:38:42 PM io.gapi.emulators.netty.HttpVersionRoutingHandler channelRead
INFO: Detected non-HTTP/2 connection.
Aug 10, 2026 4:38:43 PM io.gapi.emulators.netty.HttpVersionRoutingHandler channelRead
INFO: Detected non-HTTP/2 connection.
Aug 10, 2026 4:38:43 PM io.gapi.emulators.netty.HttpVersionRoutingHandler channelRead
INFO: Detected non-HTTP/2 connection.
Aug 10, 2026 4:38:43 PM io.gapi.emulators.netty.HttpVersionRoutingHandler channelRead
INFO: Detected non-HTTP/2 connection.
Aug 10, 2026 4:38:43 PM io.gapi.emulators.netty.HttpVersionRoutingHandler channelRead
INFO: Detected non-HTTP/2 connection.
Aug 10, 2026 4:38:43 PM io.gapi.emulators.netty.HttpVersionRoutingHandler channelRead
INFO: Detected non-HTTP/2 connection.
Aug 10, 2026 4:38:47 PM io.gapi.emulators.netty.HttpVersionRoutingHandler channelRead
INFO: Detected non-HTTP/2 connection.
Aug 10, 2026 4:38:47 PM io.gapi.emulators.netty.HttpVersionRoutingHandler channelRead
INFO: Detected non-HTTP/2 connection.
Aug 10, 2026 4:38:47 PM io.gapi.emulators.netty.HttpVersionRoutingHandler channelRead
INFO: Detected non-HTTP/2 connection.
Aug 10, 2026 4:38:47 PM io.gapi.emulators.netty.HttpVersionRoutingHandler channelRead
INFO: Detected non-HTTP/2 connection.
Aug 10, 2026 4:38:47 PM io.gapi.emulators.netty.HttpVersionRoutingHandler channelRead
INFO: Detected non-HTTP/2 connection.
Aug 10, 2026 4:38:47 PM io.gapi.emulators.netty.HttpVersionRoutingHandler channelRead
INFO: Detected non-HTTP/2 connection.
Aug 10, 2026 4:38:47 PM io.gapi.emulators.netty.HttpVersionRoutingHandler channelRead
INFO: Detected non-HTTP/2 connection.
Aug 10, 2026 4:38:47 PM io.gapi.emulators.netty.HttpVersionRoutingHandler channelRead
INFO: Detected non-HTTP/2 connection.
Aug 10, 2026 4:38:47 PM io.gapi.emulators.netty.HttpVersionRoutingHandler channelRead
INFO: Detected non-HTTP/2 connection.
Aug 10, 2026 4:38:48 PM io.gapi.emulators.netty.HttpVersionRoutingHandler channelRead
INFO: Detected non-HTTP/2 connection.
Aug 10, 2026 4:38:48 PM io.gapi.emulators.netty.HttpVersionRoutingHandler channelRead
INFO: Detected non-HTTP/2 connection.
Aug 10, 2026 4:38:58 PM io.gapi.emulators.netty.HttpVersionRoutingHandler channelRead
INFO: Detected non-HTTP/2 connection.
Aug 10, 2026 4:38:58 PM io.gapi.emulators.netty.HttpVersionRoutingHandler channelRead
INFO: Detected non-HTTP/2 connection.
Aug 10, 2026 4:38:58 PM io.gapi.emulators.netty.HttpVersionRoutingHandler channelRead
INFO: Detected non-HTTP/2 connection.
Aug 10, 2026 4:38:58 PM io.gapi.emulators.netty.HttpVersionRoutingHandler channelRead
INFO: Detected non-HTTP/2 connection.
Aug 10, 2026 4:39:16 PM io.gapi.emulators.netty.HttpVersionRoutingHandler channelRead
INFO: Detected non-HTTP/2 connection.
Aug 10, 2026 4:39:32 PM io.gapi.emulators.netty.HttpVersionRoutingHandler channelRead
INFO: Detected non-HTTP/2 connection.
Aug 10, 2026 4:39:45 PM io.gapi.emulators.netty.HttpVersionRoutingHandler channelRead
INFO: Detected non-HTTP/2 connection.
Aug 10, 2026 4:39:48 PM io.gapi.emulators.netty.HttpVersionRoutingHandler channelRead
INFO: Detected non-HTTP/2 connection.
Aug 10, 2026 4:39:48 PM com.google.cloud.datastore.emulator.firestore.webchannel.FirestoreV1WebChannelAdapter$FirestoreWriteHandler onClose
INFO: channel closed
Aug 10, 2026 4:40:24 PM io.gapi.emulators.netty.HttpVersionRoutingHandler channelRead
INFO: Detected non-HTTP/2 connection.
Aug 10, 2026 4:40:24 PM io.gapi.emulators.netty.HttpVersionRoutingHandler channelRead
INFO: Detected non-HTTP/2 connection.
Aug 10, 2026 4:40:34 PM io.gapi.emulators.netty.HttpVersionRoutingHandler channelRead
INFO: Detected non-HTTP/2 connection.
Aug 10, 2026 4:40:34 PM io.gapi.emulators.netty.HttpVersionRoutingHandler channelRead
INFO: Detected non-HTTP/2 connection.
Aug 10, 2026 4:40:34 PM io.gapi.emulators.netty.HttpVersionRoutingHandler channelRead
INFO: Detected non-HTTP/2 connection.
Aug 10, 2026 4:40:34 PM io.gapi.emulators.netty.HttpVersionRoutingHandler channelRead
INFO: Detected non-HTTP/2 connection.
Aug 10, 2026 4:40:34 PM io.gapi.emulators.netty.HttpVersionRoutingHandler channelRead
INFO: Detected non-HTTP/2 connection.
Aug 10, 2026 4:40:50 PM io.gapi.emulators.netty.HttpVersionRoutingHandler channelRead
INFO: Detected non-HTTP/2 connection.
Aug 10, 2026 4:40:50 PM io.gapi.emulators.netty.HttpVersionRoutingHandler channelRead
INFO: Detected non-HTTP/2 connection.
Aug 10, 2026 4:40:50 PM io.gapi.emulators.netty.HttpVersionRoutingHandler channelRead
INFO: Detected non-HTTP/2 connection.
Aug 10, 2026 4:41:19 PM io.gapi.emulators.netty.HttpVersionRoutingHandler channelRead
INFO: Detected non-HTTP/2 connection.
Aug 10, 2026 4:41:34 PM io.gapi.emulators.netty.HttpVersionRoutingHandler channelRead
INFO: Detected non-HTTP/2 connection.
Aug 10, 2026 4:41:34 PM io.gapi.emulators.netty.HttpVersionRoutingHandler channelRead
INFO: Detected non-HTTP/2 connection.
Aug 10, 2026 4:41:48 PM io.gapi.emulators.netty.HttpVersionRoutingHandler channelRead
INFO: Detected non-HTTP/2 connection.
Aug 10, 2026 4:41:48 PM com.google.cloud.datastore.emulator.firestore.webchannel.FirestoreV1WebChannelAdapter$FirestoreWriteHandler onClose
INFO: channel closed
Aug 10, 2026 4:41:54 PM io.gapi.emulators.netty.HttpVersionRoutingHandler channelRead
INFO: Detected non-HTTP/2 connection.
Aug 10, 2026 4:41:54 PM io.gapi.emulators.netty.HttpVersionRoutingHandler channelRead
INFO: Detected non-HTTP/2 connection.
Aug 10, 2026 4:41:55 PM io.gapi.emulators.netty.HttpVersionRoutingHandler channelRead
INFO: Detected non-HTTP/2 connection.
Aug 10, 2026 4:41:55 PM io.gapi.emulators.netty.HttpVersionRoutingHandler channelRead
INFO: Detected non-HTTP/2 connection.
Aug 10, 2026 4:42:39 PM io.gapi.emulators.netty.HttpVersionRoutingHandler channelRead
INFO: Detected non-HTTP/2 connection.
Aug 10, 2026 4:42:42 PM io.gapi.emulators.netty.HttpVersionRoutingHandler channelRead
INFO: Detected non-HTTP/2 connection.
Aug 10, 2026 4:42:42 PM io.gapi.emulators.netty.HttpVersionRoutingHandler channelRead
INFO: Detected non-HTTP/2 connection.
Aug 10, 2026 4:42:56 PM io.gapi.emulators.netty.HttpVersionRoutingHandler channelRead
INFO: Detected non-HTTP/2 connection.
Aug 10, 2026 4:42:56 PM com.google.cloud.datastore.emulator.firestore.webchannel.FirestoreV1WebChannelAdapter$FirestoreWriteHandler onClose
INFO: channel closed
Aug 10, 2026 4:42:59 PM io.gapi.emulators.netty.HttpVersionRoutingHandler channelRead
INFO: Detected non-HTTP/2 connection.
Aug 10, 2026 4:42:59 PM io.gapi.emulators.netty.HttpVersionRoutingHandler channelRead
INFO: Detected non-HTTP/2 connection.
Aug 10, 2026 4:42:59 PM io.gapi.emulators.netty.HttpVersionRoutingHandler channelRead
INFO: Detected non-HTTP/2 connection.
Aug 10, 2026 4:43:17 PM io.gapi.emulators.netty.HttpVersionRoutingHandler channelRead
INFO: Detected non-HTTP/2 connection.
Aug 10, 2026 4:43:17 PM io.gapi.emulators.netty.HttpVersionRoutingHandler channelRead
INFO: Detected non-HTTP/2 connection.
Aug 10, 2026 4:43:17 PM io.gapi.emulators.netty.HttpVersionRoutingHandler channelRead
INFO: Detected non-HTTP/2 connection.
Aug 10, 2026 4:43:23 PM io.gapi.emulators.netty.HttpVersionRoutingHandler channelRead
INFO: Detected non-HTTP/2 connection.
Aug 10, 2026 4:43:23 PM io.gapi.emulators.netty.HttpVersionRoutingHandler channelRead
INFO: Detected non-HTTP/2 connection.
Aug 10, 2026 4:43:23 PM io.gapi.emulators.netty.HttpVersionRoutingHandler channelRead
INFO: Detected non-HTTP/2 connection.
Aug 10, 2026 4:43:28 PM io.gapi.emulators.netty.HttpVersionRoutingHandler channelRead
INFO: Detected non-HTTP/2 connection.
Aug 10, 2026 4:43:28 PM io.gapi.emulators.netty.HttpVersionRoutingHandler channelRead
INFO: Detected non-HTTP/2 connection.
Aug 10, 2026 4:43:28 PM io.gapi.emulators.netty.HttpVersionRoutingHandler channelRead
INFO: Detected non-HTTP/2 connection.
Aug 10, 2026 4:43:28 PM io.gapi.emulators.netty.HttpVersionRoutingHandler channelRead
INFO: Detected non-HTTP/2 connection.
Aug 10, 2026 4:43:32 PM io.gapi.emulators.netty.HttpVersionRoutingHandler channelRead
INFO: Detected non-HTTP/2 connection.
Aug 10, 2026 4:43:32 PM io.gapi.emulators.netty.HttpVersionRoutingHandler channelRead
INFO: Detected non-HTTP/2 connection.
Aug 10, 2026 4:43:32 PM io.gapi.emulators.netty.HttpVersionRoutingHandler channelRead
INFO: Detected non-HTTP/2 connection.
Aug 10, 2026 4:43:34 PM io.gapi.emulators.netty.HttpVersionRoutingHandler channelRead
INFO: Detected non-HTTP/2 connection.
Aug 10, 2026 4:43:34 PM io.gapi.emulators.netty.HttpVersionRoutingHandler channelRead
INFO: Detected non-HTTP/2 connection.
Aug 10, 2026 4:43:34 PM io.gapi.emulators.netty.HttpVersionRoutingHandler channelRead
INFO: Detected non-HTTP/2 connection.
Aug 10, 2026 4:43:34 PM io.gapi.emulators.netty.HttpVersionRoutingHandler channelRead
INFO: Detected non-HTTP/2 connection.
Aug 10, 2026 4:43:35 PM io.gapi.emulators.netty.HttpVersionRoutingHandler channelRead
INFO: Detected non-HTTP/2 connection.
Aug 10, 2026 4:43:45 PM io.gapi.emulators.netty.HttpVersionRoutingHandler channelRead
INFO: Detected non-HTTP/2 connection.
Aug 10, 2026 4:44:01 PM io.gapi.emulators.netty.HttpVersionRoutingHandler channelRead
INFO: Detected non-HTTP/2 connection.
Aug 10, 2026 4:44:15 PM io.gapi.emulators.netty.HttpVersionRoutingHandler channelRead
INFO: Detected non-HTTP/2 connection.
Aug 10, 2026 4:44:15 PM io.gapi.emulators.netty.HttpVersionRoutingHandler channelRead
INFO: Detected non-HTTP/2 connection.
Aug 10, 2026 4:44:15 PM io.gapi.emulators.netty.HttpVersionRoutingHandler channelRead
INFO: Detected non-HTTP/2 connection.
Aug 10, 2026 4:44:15 PM io.gapi.emulators.netty.HttpVersionRoutingHandler channelRead
INFO: Detected non-HTTP/2 connection.
Aug 10, 2026 4:44:15 PM io.gapi.emulators.netty.HttpVersionRoutingHandler channelRead
INFO: Detected non-HTTP/2 connection.
Aug 10, 2026 4:44:15 PM io.gapi.emulators.netty.HttpVersionRoutingHandler channelRead
INFO: Detected non-HTTP/2 connection.
Aug 10, 2026 4:44:15 PM com.google.cloud.datastore.emulator.firestore.webchannel.FirestoreV1WebChannelAdapter$FirestoreWriteHandler onClose
INFO: channel closed
Aug 10, 2026 4:44:24 PM io.gapi.emulators.netty.HttpVersionRoutingHandler channelRead
INFO: Detected non-HTTP/2 connection.
Aug 10, 2026 4:44:24 PM io.gapi.emulators.netty.HttpVersionRoutingHandler channelRead
INFO: Detected non-HTTP/2 connection.
Aug 10, 2026 4:44:26 PM io.gapi.emulators.netty.HttpVersionRoutingHandler channelRead
INFO: Detected non-HTTP/2 connection.
Aug 10, 2026 4:44:26 PM io.gapi.emulators.netty.HttpVersionRoutingHandler channelRead
INFO: Detected non-HTTP/2 connection.
Aug 10, 2026 4:44:26 PM io.gapi.emulators.netty.HttpVersionRoutingHandler channelRead
INFO: Detected non-HTTP/2 connection.
Aug 10, 2026 4:44:30 PM io.gapi.emulators.netty.HttpVersionRoutingHandler channelRead
INFO: Detected non-HTTP/2 connection.
Aug 10, 2026 4:44:32 PM io.gapi.emulators.netty.HttpVersionRoutingHandler channelRead
INFO: Detected non-HTTP/2 connection.
Aug 10, 2026 4:44:32 PM io.gapi.emulators.netty.HttpVersionRoutingHandler channelRead
INFO: Detected non-HTTP/2 connection.
Aug 10, 2026 4:44:32 PM io.gapi.emulators.netty.HttpVersionRoutingHandler channelRead
INFO: Detected non-HTTP/2 connection.
Aug 10, 2026 4:44:33 PM io.gapi.emulators.netty.HttpVersionRoutingHandler channelRead
INFO: Detected non-HTTP/2 connection.
Aug 10, 2026 4:44:33 PM io.gapi.emulators.netty.HttpVersionRoutingHandler channelRead
INFO: Detected non-HTTP/2 connection.
Aug 10, 2026 4:44:33 PM io.gapi.emulators.netty.HttpVersionRoutingHandler channelRead
INFO: Detected non-HTTP/2 connection.
Aug 10, 2026 4:44:33 PM io.gapi.emulators.netty.HttpVersionRoutingHandler channelRead
INFO: Detected non-HTTP/2 connection.
Aug 10, 2026 4:44:33 PM io.gapi.emulators.netty.HttpVersionRoutingHandler channelRead
INFO: Detected non-HTTP/2 connection.
Aug 10, 2026 4:44:36 PM io.gapi.emulators.netty.HttpVersionRoutingHandler channelRead
INFO: Detected non-HTTP/2 connection.
Aug 10, 2026 4:44:36 PM io.gapi.emulators.netty.HttpVersionRoutingHandler channelRead
INFO: Detected non-HTTP/2 connection.
Aug 10, 2026 4:44:37 PM io.gapi.emulators.netty.HttpVersionRoutingHandler channelRead
INFO: Detected non-HTTP/2 connection.
Aug 10, 2026 4:44:37 PM io.gapi.emulators.netty.HttpVersionRoutingHandler channelRead
INFO: Detected non-HTTP/2 connection.
Aug 10, 2026 4:44:37 PM io.gapi.emulators.netty.HttpVersionRoutingHandler channelRead
INFO: Detected non-HTTP/2 connection.
Aug 10, 2026 4:44:37 PM io.gapi.emulators.netty.HttpVersionRoutingHandler channelRead
INFO: Detected non-HTTP/2 connection.
Aug 10, 2026 4:44:37 PM io.gapi.emulators.netty.HttpVersionRoutingHandler channelRead
INFO: Detected non-HTTP/2 connection.
Aug 10, 2026 4:44:37 PM io.gapi.emulators.netty.HttpVersionRoutingHandler channelRead
INFO: Detected non-HTTP/2 connection.
Aug 10, 2026 4:44:37 PM io.gapi.emulators.netty.HttpVersionRoutingHandler channelRead
INFO: Detected non-HTTP/2 connection.
Aug 10, 2026 4:44:37 PM io.gapi.emulators.netty.HttpVersionRoutingHandler channelRead
INFO: Detected non-HTTP/2 connection.
Aug 10, 2026 4:44:37 PM io.gapi.emulators.netty.HttpVersionRoutingHandler channelRead
INFO: Detected non-HTTP/2 connection.
Aug 10, 2026 4:44:37 PM io.gapi.emulators.netty.HttpVersionRoutingHandler channelRead
INFO: Detected non-HTTP/2 connection.
Aug 10, 2026 4:44:38 PM io.gapi.emulators.netty.HttpVersionRoutingHandler channelRead
INFO: Detected non-HTTP/2 connection.
Aug 10, 2026 4:45:19 PM io.gapi.emulators.netty.HttpVersionRoutingHandler channelRead
INFO: Detected non-HTTP/2 connection.
Aug 10, 2026 4:45:19 PM io.gapi.emulators.netty.HttpVersionRoutingHandler channelRead
INFO: Detected non-HTTP/2 connection.
Aug 10, 2026 4:45:21 PM io.gapi.emulators.netty.HttpVersionRoutingHandler channelRead
INFO: Detected non-HTTP/2 connection.
Aug 10, 2026 4:45:22 PM io.gapi.emulators.netty.HttpVersionRoutingHandler channelRead
INFO: Detected non-HTTP/2 connection.
Aug 10, 2026 4:45:22 PM io.gapi.emulators.netty.HttpVersionRoutingHandler channelRead
INFO: Detected non-HTTP/2 connection.
Aug 10, 2026 4:45:22 PM io.gapi.emulators.netty.HttpVersionRoutingHandler channelRead
INFO: Detected non-HTTP/2 connection.
Aug 10, 2026 4:45:22 PM io.gapi.emulators.netty.HttpVersionRoutingHandler channelRead
INFO: Detected non-HTTP/2 connection.
Aug 10, 2026 4:45:35 PM io.gapi.emulators.netty.HttpVersionRoutingHandler channelRead
INFO: Detected non-HTTP/2 connection.
Aug 10, 2026 4:45:38 PM io.gapi.emulators.netty.HttpVersionRoutingHandler channelRead
INFO: Detected non-HTTP/2 connection.
Aug 10, 2026 4:45:38 PM com.google.cloud.datastore.emulator.firestore.webchannel.FirestoreV1WebChannelAdapter$FirestoreWriteHandler onClose
INFO: channel closed
Aug 10, 2026 4:45:45 PM io.gapi.emulators.netty.HttpVersionRoutingHandler channelRead
INFO: Detected non-HTTP/2 connection.
Aug 10, 2026 4:45:46 PM io.gapi.emulators.netty.HttpVersionRoutingHandler channelRead
INFO: Detected non-HTTP/2 connection.
Aug 10, 2026 4:45:50 PM io.gapi.emulators.netty.HttpVersionRoutingHandler channelRead
INFO: Detected non-HTTP/2 connection.
Aug 10, 2026 4:45:50 PM io.gapi.emulators.netty.HttpVersionRoutingHandler channelRead
INFO: Detected non-HTTP/2 connection.
Aug 10, 2026 4:45:50 PM io.gapi.emulators.netty.HttpVersionRoutingHandler channelRead
INFO: Detected non-HTTP/2 connection.
Aug 10, 2026 4:45:50 PM io.gapi.emulators.netty.HttpVersionRoutingHandler channelRead
INFO: Detected non-HTTP/2 connection.
Aug 10, 2026 4:45:50 PM io.gapi.emulators.netty.HttpVersionRoutingHandler channelRead
INFO: Detected non-HTTP/2 connection.
Aug 10, 2026 4:46:22 PM io.gapi.emulators.netty.HttpVersionRoutingHandler channelRead
INFO: Detected non-HTTP/2 connection.
Aug 10, 2026 4:46:23 PM io.gapi.emulators.netty.HttpVersionRoutingHandler channelRead
INFO: Detected non-HTTP/2 connection.
Aug 10, 2026 4:46:23 PM io.gapi.emulators.netty.HttpVersionRoutingHandler channelRead
INFO: Detected non-HTTP/2 connection.
Aug 10, 2026 4:46:23 PM io.gapi.emulators.netty.HttpVersionRoutingHandler channelRead
INFO: Detected non-HTTP/2 connection.
Aug 10, 2026 4:46:37 PM io.gapi.emulators.netty.HttpVersionRoutingHandler channelRead
INFO: Detected non-HTTP/2 connection.
Aug 10, 2026 4:46:37 PM io.gapi.emulators.netty.HttpVersionRoutingHandler channelRead
INFO: Detected non-HTTP/2 connection.
Aug 10, 2026 4:46:37 PM io.gapi.emulators.netty.HttpVersionRoutingHandler channelRead
INFO: Detected non-HTTP/2 connection.
Aug 10, 2026 4:46:38 PM io.gapi.emulators.netty.HttpVersionRoutingHandler channelRead
INFO: Detected non-HTTP/2 connection.
Aug 10, 2026 4:46:41 PM io.gapi.emulators.netty.HttpVersionRoutingHandler channelRead
INFO: Detected non-HTTP/2 connection.
Aug 10, 2026 4:47:11 PM io.gapi.emulators.netty.HttpVersionRoutingHandler channelRead
INFO: Detected non-HTTP/2 connection.
Aug 10, 2026 4:47:11 PM io.gapi.emulators.netty.HttpVersionRoutingHandler channelRead
INFO: Detected non-HTTP/2 connection.
Aug 10, 2026 4:47:11 PM io.gapi.emulators.netty.HttpVersionRoutingHandler channelRead
INFO: Detected non-HTTP/2 connection.
Aug 10, 2026 4:47:11 PM io.gapi.emulators.netty.HttpVersionRoutingHandler channelRead
INFO: Detected non-HTTP/2 connection.
Aug 10, 2026 4:47:25 PM io.gapi.emulators.netty.HttpVersionRoutingHandler channelRead
INFO: Detected non-HTTP/2 connection.
Aug 10, 2026 4:47:27 PM io.gapi.emulators.netty.HttpVersionRoutingHandler channelRead
INFO: Detected non-HTTP/2 connection.
Aug 10, 2026 4:47:28 PM io.gapi.emulators.netty.HttpVersionRoutingHandler channelRead
INFO: Detected non-HTTP/2 connection.
Aug 10, 2026 4:47:28 PM io.gapi.emulators.netty.HttpVersionRoutingHandler channelRead
INFO: Detected non-HTTP/2 connection.
Aug 10, 2026 4:47:28 PM io.gapi.emulators.netty.HttpVersionRoutingHandler channelRead
INFO: Detected non-HTTP/2 connection.
Aug 10, 2026 4:47:29 PM io.gapi.emulators.netty.HttpVersionRoutingHandler channelRead
INFO: Detected non-HTTP/2 connection.
Aug 10, 2026 4:47:29 PM io.gapi.emulators.netty.HttpVersionRoutingHandler channelRead
INFO: Detected non-HTTP/2 connection.
Aug 10, 2026 4:47:31 PM io.gapi.emulators.netty.HttpVersionRoutingHandler channelRead
INFO: Detected non-HTTP/2 connection.
Aug 10, 2026 4:47:31 PM io.gapi.emulators.netty.HttpVersionRoutingHandler channelRead
INFO: Detected non-HTTP/2 connection.
Aug 10, 2026 4:47:34 PM io.gapi.emulators.netty.HttpVersionRoutingHandler channelRead
INFO: Detected non-HTTP/2 connection.
Aug 10, 2026 4:47:34 PM io.gapi.emulators.netty.HttpVersionRoutingHandler channelRead
INFO: Detected non-HTTP/2 connection.
Aug 10, 2026 4:47:39 PM io.gapi.emulators.netty.HttpVersionRoutingHandler channelRead
INFO: Detected non-HTTP/2 connection.
Aug 10, 2026 4:47:39 PM com.google.cloud.datastore.emulator.firestore.webchannel.FirestoreV1WebChannelAdapter$FirestoreWriteHandler onClose
INFO: channel closed
Aug 10, 2026 4:47:45 PM io.gapi.emulators.netty.HttpVersionRoutingHandler channelRead
INFO: Detected non-HTTP/2 connection.
Aug 10, 2026 4:47:45 PM io.gapi.emulators.netty.HttpVersionRoutingHandler channelRead
INFO: Detected non-HTTP/2 connection.
Aug 10, 2026 4:47:45 PM io.gapi.emulators.netty.HttpVersionRoutingHandler channelRead
INFO: Detected non-HTTP/2 connection.
Aug 10, 2026 4:47:55 PM io.gapi.emulators.netty.HttpVersionRoutingHandler channelRead
INFO: Detected non-HTTP/2 connection.
Aug 10, 2026 4:47:55 PM io.gapi.emulators.netty.HttpVersionRoutingHandler channelRead
INFO: Detected non-HTTP/2 connection.
Aug 10, 2026 4:47:55 PM io.gapi.emulators.netty.HttpVersionRoutingHandler channelRead
INFO: Detected non-HTTP/2 connection.
Aug 10, 2026 4:47:55 PM io.gapi.emulators.netty.HttpVersionRoutingHandler channelRead
INFO: Detected non-HTTP/2 connection.
Aug 10, 2026 4:48:16 PM io.gapi.emulators.netty.HttpVersionRoutingHandler channelRead
INFO: Detected non-HTTP/2 connection.
Aug 10, 2026 4:48:16 PM io.gapi.emulators.netty.HttpVersionRoutingHandler channelRead
INFO: Detected non-HTTP/2 connection.
Aug 10, 2026 4:48:16 PM io.gapi.emulators.netty.HttpVersionRoutingHandler channelRead
INFO: Detected non-HTTP/2 connection.
Aug 10, 2026 4:48:16 PM io.gapi.emulators.netty.HttpVersionRoutingHandler channelRead
INFO: Detected non-HTTP/2 connection.
Aug 10, 2026 4:48:16 PM io.gapi.emulators.netty.HttpVersionRoutingHandler channelRead
INFO: Detected non-HTTP/2 connection.
Aug 10, 2026 4:48:16 PM io.gapi.emulators.netty.HttpVersionRoutingHandler channelRead
INFO: Detected non-HTTP/2 connection.
Aug 10, 2026 4:48:16 PM io.gapi.emulators.netty.HttpVersionRoutingHandler channelRead
INFO: Detected non-HTTP/2 connection.
Aug 10, 2026 4:48:28 PM io.gapi.emulators.netty.HttpVersionRoutingHandler channelRead
INFO: Detected non-HTTP/2 connection.
Aug 10, 2026 4:48:29 PM io.gapi.emulators.netty.HttpVersionRoutingHandler channelRead
INFO: Detected non-HTTP/2 connection.
Aug 10, 2026 4:48:29 PM io.gapi.emulators.netty.HttpVersionRoutingHandler channelRead
INFO: Detected non-HTTP/2 connection.
Aug 10, 2026 4:48:30 PM io.gapi.emulators.netty.HttpVersionRoutingHandler channelRead
INFO: Detected non-HTTP/2 connection.
Aug 10, 2026 4:48:30 PM io.gapi.emulators.netty.HttpVersionRoutingHandler channelRead
INFO: Detected non-HTTP/2 connection.
Aug 10, 2026 4:48:30 PM io.gapi.emulators.netty.HttpVersionRoutingHandler channelRead
INFO: Detected non-HTTP/2 connection.
Aug 10, 2026 4:48:30 PM io.gapi.emulators.netty.HttpVersionRoutingHandler channelRead
INFO: Detected non-HTTP/2 connection.
Aug 10, 2026 4:48:30 PM io.gapi.emulators.netty.HttpVersionRoutingHandler channelRead
INFO: Detected non-HTTP/2 connection.
Aug 10, 2026 4:48:32 PM io.gapi.emulators.netty.HttpVersionRoutingHandler channelRead
INFO: Detected non-HTTP/2 connection.
Aug 10, 2026 4:48:46 PM io.gapi.emulators.netty.HttpVersionRoutingHandler channelRead
INFO: Detected non-HTTP/2 connection.
Aug 10, 2026 4:48:46 PM com.google.cloud.datastore.emulator.firestore.webchannel.FirestoreV1WebChannelAdapter$FirestoreWriteHandler onClose
INFO: channel closed
Aug 10, 2026 4:49:03 PM io.gapi.emulators.netty.HttpVersionRoutingHandler channelRead
INFO: Detected non-HTTP/2 connection.
Aug 10, 2026 4:49:13 PM io.gapi.emulators.netty.HttpVersionRoutingHandler channelRead
INFO: Detected non-HTTP/2 connection.
Aug 10, 2026 4:49:47 PM io.gapi.emulators.netty.HttpVersionRoutingHandler channelRead
INFO: Detected non-HTTP/2 connection.
Aug 10, 2026 4:50:19 PM io.gapi.emulators.netty.HttpVersionRoutingHandler channelRead
INFO: Detected non-HTTP/2 connection.
Aug 10, 2026 4:50:52 PM io.gapi.emulators.netty.HttpVersionRoutingHandler channelRead
INFO: Detected non-HTTP/2 connection.
Aug 10, 2026 4:51:25 PM io.gapi.emulators.netty.HttpVersionRoutingHandler channelRead
INFO: Detected non-HTTP/2 connection.
Aug 10, 2026 4:51:58 PM io.gapi.emulators.netty.HttpVersionRoutingHandler channelRead
INFO: Detected non-HTTP/2 connection.
Aug 10, 2026 4:52:42 PM io.gapi.emulators.netty.HttpVersionRoutingHandler channelRead
INFO: Detected non-HTTP/2 connection.
Aug 10, 2026 4:52:43 PM io.gapi.emulators.netty.HttpVersionRoutingHandler channelRead
INFO: Detected non-HTTP/2 connection.
Aug 10, 2026 4:53:48 PM io.gapi.emulators.netty.HttpVersionRoutingHandler channelRead
INFO: Detected non-HTTP/2 connection.
Aug 10, 2026 4:53:48 PM io.gapi.emulators.netty.HttpVersionRoutingHandler channelRead
INFO: Detected non-HTTP/2 connection.
Aug 10, 2026 4:54:54 PM io.gapi.emulators.netty.HttpVersionRoutingHandler channelRead
INFO: Detected non-HTTP/2 connection.
Aug 10, 2026 4:54:54 PM io.gapi.emulators.netty.HttpVersionRoutingHandler channelRead
INFO: Detected non-HTTP/2 connection.
Aug 10, 2026 4:55:38 PM io.gapi.emulators.netty.HttpVersionRoutingHandler channelRead
INFO: Detected non-HTTP/2 connection.
Aug 10, 2026 4:55:39 PM io.gapi.emulators.netty.HttpVersionRoutingHandler channelRead
INFO: Detected non-HTTP/2 connection.
Aug 10, 2026 4:56:19 PM io.gapi.emulators.netty.HttpVersionRoutingHandler channelRead
INFO: Detected non-HTTP/2 connection.
Aug 10, 2026 4:56:19 PM io.gapi.emulators.netty.HttpVersionRoutingHandler channelRead
INFO: Detected non-HTTP/2 connection.
Aug 10, 2026 4:56:19 PM io.gapi.emulators.netty.HttpVersionRoutingHandler channelRead
INFO: Detected non-HTTP/2 connection.
Aug 10, 2026 4:56:19 PM io.gapi.emulators.netty.HttpVersionRoutingHandler channelRead
INFO: Detected non-HTTP/2 connection.
Aug 10, 2026 4:56:44 PM io.gapi.emulators.netty.HttpVersionRoutingHandler channelRead
INFO: Detected non-HTTP/2 connection.
Aug 10, 2026 4:56:49 PM io.gapi.emulators.netty.HttpVersionRoutingHandler channelRead
INFO: Detected non-HTTP/2 connection.
Aug 10, 2026 4:57:11 PM io.gapi.emulators.netty.HttpVersionRoutingHandler channelRead
INFO: Detected non-HTTP/2 connection.
Aug 10, 2026 4:57:11 PM io.gapi.emulators.netty.HttpVersionRoutingHandler channelRead
INFO: Detected non-HTTP/2 connection.
Aug 10, 2026 4:57:12 PM io.gapi.emulators.netty.HttpVersionRoutingHandler channelRead
INFO: Detected non-HTTP/2 connection.
Aug 10, 2026 4:57:16 PM io.gapi.emulators.netty.HttpVersionRoutingHandler channelRead
INFO: Detected non-HTTP/2 connection.
Aug 10, 2026 4:57:16 PM io.gapi.emulators.netty.HttpVersionRoutingHandler channelRead
INFO: Detected non-HTTP/2 connection.
Aug 10, 2026 4:57:16 PM io.gapi.emulators.netty.HttpVersionRoutingHandler channelRead
INFO: Detected non-HTTP/2 connection.
Aug 10, 2026 4:57:16 PM io.gapi.emulators.netty.HttpVersionRoutingHandler channelRead
INFO: Detected non-HTTP/2 connection.
Aug 10, 2026 4:57:17 PM io.gapi.emulators.netty.HttpVersionRoutingHandler channelRead
INFO: Detected non-HTTP/2 connection.
Aug 10, 2026 4:57:18 PM io.gapi.emulators.netty.HttpVersionRoutingHandler channelRead
INFO: Detected non-HTTP/2 connection.
Aug 10, 2026 4:57:18 PM io.gapi.emulators.netty.HttpVersionRoutingHandler channelRead
INFO: Detected non-HTTP/2 connection.
Aug 10, 2026 4:57:18 PM io.gapi.emulators.netty.HttpVersionRoutingHandler channelRead
INFO: Detected non-HTTP/2 connection.
Aug 10, 2026 4:57:18 PM io.gapi.emulators.netty.HttpVersionRoutingHandler channelRead
INFO: Detected non-HTTP/2 connection.
Aug 10, 2026 4:57:18 PM io.gapi.emulators.netty.HttpVersionRoutingHandler channelRead
INFO: Detected non-HTTP/2 connection.
Aug 10, 2026 4:57:18 PM io.gapi.emulators.netty.HttpVersionRoutingHandler channelRead
INFO: Detected non-HTTP/2 connection.
Aug 10, 2026 4:57:18 PM io.gapi.emulators.netty.HttpVersionRoutingHandler channelRead
INFO: Detected non-HTTP/2 connection.
Aug 10, 2026 4:57:20 PM io.gapi.emulators.netty.HttpVersionRoutingHandler channelRead
INFO: Detected non-HTTP/2 connection.
Aug 10, 2026 4:57:20 PM io.gapi.emulators.netty.HttpVersionRoutingHandler channelRead
INFO: Detected non-HTTP/2 connection.
Aug 10, 2026 4:57:20 PM io.gapi.emulators.netty.HttpVersionRoutingHandler channelRead
INFO: Detected non-HTTP/2 connection.
Aug 10, 2026 4:57:20 PM io.gapi.emulators.netty.HttpVersionRoutingHandler channelRead
INFO: Detected non-HTTP/2 connection.
Aug 10, 2026 4:57:20 PM io.gapi.emulators.netty.HttpVersionRoutingHandler channelRead
INFO: Detected non-HTTP/2 connection.
Aug 10, 2026 4:57:21 PM io.gapi.emulators.netty.HttpVersionRoutingHandler channelRead
INFO: Detected non-HTTP/2 connection.
Aug 10, 2026 4:57:23 PM io.gapi.emulators.netty.HttpVersionRoutingHandler channelRead
INFO: Detected non-HTTP/2 connection.
Aug 10, 2026 4:57:23 PM io.gapi.emulators.netty.HttpVersionRoutingHandler channelRead
INFO: Detected non-HTTP/2 connection.
Aug 10, 2026 4:57:23 PM io.gapi.emulators.netty.HttpVersionRoutingHandler channelRead
INFO: Detected non-HTTP/2 connection.
Aug 10, 2026 4:57:23 PM io.gapi.emulators.netty.HttpVersionRoutingHandler channelRead
INFO: Detected non-HTTP/2 connection.
Aug 10, 2026 4:57:23 PM io.gapi.emulators.netty.HttpVersionRoutingHandler channelRead
INFO: Detected non-HTTP/2 connection.
Aug 10, 2026 4:57:23 PM io.gapi.emulators.netty.HttpVersionRoutingHandler channelRead
INFO: Detected non-HTTP/2 connection.
Aug 10, 2026 4:57:23 PM io.gapi.emulators.netty.HttpVersionRoutingHandler channelRead
INFO: Detected non-HTTP/2 connection.
Aug 10, 2026 4:57:41 PM io.gapi.emulators.netty.HttpVersionRoutingHandler channelRead
INFO: Detected non-HTTP/2 connection.
Aug 10, 2026 4:57:41 PM io.gapi.emulators.netty.HttpVersionRoutingHandler channelRead
INFO: Detected non-HTTP/2 connection.
Aug 10, 2026 4:57:41 PM io.gapi.emulators.netty.HttpVersionRoutingHandler channelRead
INFO: Detected non-HTTP/2 connection.
Aug 10, 2026 4:57:41 PM io.gapi.emulators.netty.HttpVersionRoutingHandler channelRead
INFO: Detected non-HTTP/2 connection.
Aug 10, 2026 4:57:41 PM io.gapi.emulators.netty.HttpVersionRoutingHandler channelRead
INFO: Detected non-HTTP/2 connection.
Aug 10, 2026 4:57:43 PM io.gapi.emulators.netty.HttpVersionRoutingHandler channelRead
INFO: Detected non-HTTP/2 connection.
Aug 10, 2026 4:57:43 PM io.gapi.emulators.netty.HttpVersionRoutingHandler channelRead
INFO: Detected non-HTTP/2 connection.
Aug 10, 2026 4:57:43 PM io.gapi.emulators.netty.HttpVersionRoutingHandler channelRead
INFO: Detected non-HTTP/2 connection.
Aug 10, 2026 4:57:45 PM io.gapi.emulators.netty.HttpVersionRoutingHandler channelRead
INFO: Detected non-HTTP/2 connection.
Aug 10, 2026 4:57:45 PM io.gapi.emulators.netty.HttpVersionRoutingHandler channelRead
INFO: Detected non-HTTP/2 connection.
Aug 10, 2026 4:57:45 PM io.gapi.emulators.netty.HttpVersionRoutingHandler channelRead
INFO: Detected non-HTTP/2 connection.
Aug 10, 2026 4:57:45 PM io.gapi.emulators.netty.HttpVersionRoutingHandler channelRead
INFO: Detected non-HTTP/2 connection.
Aug 10, 2026 4:57:45 PM io.gapi.emulators.netty.HttpVersionRoutingHandler channelRead
INFO: Detected non-HTTP/2 connection.
Aug 10, 2026 4:57:45 PM io.gapi.emulators.netty.HttpVersionRoutingHandler channelRead
INFO: Detected non-HTTP/2 connection.
Aug 10, 2026 4:57:45 PM io.gapi.emulators.netty.HttpVersionRoutingHandler channelRead
INFO: Detected non-HTTP/2 connection.
Aug 10, 2026 4:57:45 PM io.gapi.emulators.netty.HttpVersionRoutingHandler channelRead
INFO: Detected non-HTTP/2 connection.
Aug 10, 2026 4:57:46 PM io.gapi.emulators.netty.HttpVersionRoutingHandler channelRead
INFO: Detected non-HTTP/2 connection.
Aug 10, 2026 4:57:46 PM io.gapi.emulators.netty.HttpVersionRoutingHandler channelRead
INFO: Detected non-HTTP/2 connection.
Aug 10, 2026 4:57:46 PM io.gapi.emulators.netty.HttpVersionRoutingHandler channelRead
INFO: Detected non-HTTP/2 connection.
Aug 10, 2026 4:57:46 PM io.gapi.emulators.netty.HttpVersionRoutingHandler channelRead
INFO: Detected non-HTTP/2 connection.
Aug 10, 2026 4:57:46 PM io.gapi.emulators.netty.HttpVersionRoutingHandler channelRead
INFO: Detected non-HTTP/2 connection.
Aug 10, 2026 4:57:50 PM io.gapi.emulators.netty.HttpVersionRoutingHandler channelRead
INFO: Detected non-HTTP/2 connection.
Aug 10, 2026 4:57:53 PM io.gapi.emulators.netty.HttpVersionRoutingHandler channelRead
INFO: Detected non-HTTP/2 connection.
Aug 10, 2026 4:57:53 PM io.gapi.emulators.netty.HttpVersionRoutingHandler channelRead
INFO: Detected non-HTTP/2 connection.
Aug 10, 2026 4:57:53 PM io.gapi.emulators.netty.HttpVersionRoutingHandler channelRead
INFO: Detected non-HTTP/2 connection.
Aug 10, 2026 4:57:53 PM io.gapi.emulators.netty.HttpVersionRoutingHandler channelRead
INFO: Detected non-HTTP/2 connection.
Aug 10, 2026 4:57:53 PM io.gapi.emulators.netty.HttpVersionRoutingHandler channelRead
INFO: Detected non-HTTP/2 connection.
Aug 10, 2026 4:57:53 PM io.gapi.emulators.netty.HttpVersionRoutingHandler channelRead
INFO: Detected non-HTTP/2 connection.
Aug 10, 2026 4:57:53 PM io.gapi.emulators.netty.HttpVersionRoutingHandler channelRead
INFO: Detected non-HTTP/2 connection.
Aug 10, 2026 4:57:53 PM io.gapi.emulators.netty.HttpVersionRoutingHandler channelRead
INFO: Detected non-HTTP/2 connection.
Aug 10, 2026 4:57:53 PM io.gapi.emulators.netty.HttpVersionRoutingHandler channelRead
INFO: Detected non-HTTP/2 connection.
Aug 10, 2026 4:57:53 PM io.gapi.emulators.netty.HttpVersionRoutingHandler channelRead
INFO: Detected non-HTTP/2 connection.
Aug 10, 2026 4:57:54 PM io.gapi.emulators.netty.HttpVersionRoutingHandler channelRead
INFO: Detected non-HTTP/2 connection.
Aug 10, 2026 4:58:35 PM io.gapi.emulators.netty.HttpVersionRoutingHandler channelRead
INFO: Detected non-HTTP/2 connection.
Aug 10, 2026 4:58:51 PM io.gapi.emulators.netty.HttpVersionRoutingHandler channelRead
INFO: Detected non-HTTP/2 connection.
Aug 10, 2026 4:58:51 PM com.google.cloud.datastore.emulator.firestore.webchannel.FirestoreV1WebChannelAdapter$FirestoreWriteHandler onClose
INFO: channel closed
Aug 10, 2026 4:59:10 PM io.gapi.emulators.netty.HttpVersionRoutingHandler channelRead
INFO: Detected non-HTTP/2 connection.
Aug 10, 2026 4:59:40 PM io.gapi.emulators.netty.HttpVersionRoutingHandler channelRead
INFO: Detected non-HTTP/2 connection.
Aug 10, 2026 5:00:13 PM io.gapi.emulators.netty.HttpVersionRoutingHandler channelRead
INFO: Detected non-HTTP/2 connection.
Aug 10, 2026 5:00:46 PM io.gapi.emulators.netty.HttpVersionRoutingHandler channelRead
INFO: Detected non-HTTP/2 connection.
Aug 10, 2026 5:01:31 PM io.gapi.emulators.netty.HttpVersionRoutingHandler channelRead
INFO: Detected non-HTTP/2 connection.
Aug 10, 2026 5:01:31 PM io.gapi.emulators.netty.HttpVersionRoutingHandler channelRead
INFO: Detected non-HTTP/2 connection.
Aug 10, 2026 5:02:36 PM io.gapi.emulators.netty.HttpVersionRoutingHandler channelRead
INFO: Detected non-HTTP/2 connection.
Aug 10, 2026 5:02:36 PM io.gapi.emulators.netty.HttpVersionRoutingHandler channelRead
INFO: Detected non-HTTP/2 connection.
Aug 10, 2026 5:03:42 PM io.gapi.emulators.netty.HttpVersionRoutingHandler channelRead
INFO: Detected non-HTTP/2 connection.
Aug 10, 2026 5:03:42 PM io.gapi.emulators.netty.HttpVersionRoutingHandler channelRead
INFO: Detected non-HTTP/2 connection.
Aug 10, 2026 5:04:03 PM io.gapi.emulators.netty.HttpVersionRoutingHandler channelRead
INFO: Detected non-HTTP/2 connection.
Aug 10, 2026 5:04:03 PM io.gapi.emulators.netty.HttpVersionRoutingHandler channelRead
INFO: Detected non-HTTP/2 connection.
Aug 10, 2026 5:04:31 PM io.gapi.emulators.netty.HttpVersionRoutingHandler channelRead
INFO: Detected non-HTTP/2 connection.
Aug 10, 2026 5:05:00 PM io.gapi.emulators.netty.HttpVersionRoutingHandler channelRead
INFO: Detected non-HTTP/2 connection.
Aug 10, 2026 5:06:06 PM io.gapi.emulators.netty.HttpVersionRoutingHandler channelRead
INFO: Detected non-HTTP/2 connection.
Aug 10, 2026 5:07:23 PM io.gapi.emulators.netty.HttpVersionRoutingHandler channelRead
INFO: Detected non-HTTP/2 connection.
Aug 10, 2026 5:08:29 PM io.gapi.emulators.netty.HttpVersionRoutingHandler channelRead
INFO: Detected non-HTTP/2 connection.
Aug 10, 2026 5:09:35 PM io.gapi.emulators.netty.HttpVersionRoutingHandler channelRead
INFO: Detected non-HTTP/2 connection.
Aug 10, 2026 5:10:19 PM io.gapi.emulators.netty.HttpVersionRoutingHandler channelRead
INFO: Detected non-HTTP/2 connection.
Aug 10, 2026 5:11:25 PM io.gapi.emulators.netty.HttpVersionRoutingHandler channelRead
INFO: Detected non-HTTP/2 connection.
Aug 10, 2026 5:12:31 PM io.gapi.emulators.netty.HttpVersionRoutingHandler channelRead
INFO: Detected non-HTTP/2 connection.
Aug 10, 2026 5:13:16 PM io.gapi.emulators.netty.HttpVersionRoutingHandler channelRead
INFO: Detected non-HTTP/2 connection.
Aug 10, 2026 5:14:21 PM io.gapi.emulators.netty.HttpVersionRoutingHandler channelRead
INFO: Detected non-HTTP/2 connection.
Aug 10, 2026 5:15:27 PM io.gapi.emulators.netty.HttpVersionRoutingHandler channelRead
INFO: Detected non-HTTP/2 connection.
Aug 10, 2026 5:16:12 PM io.gapi.emulators.netty.HttpVersionRoutingHandler channelRead
INFO: Detected non-HTTP/2 connection.
Aug 10, 2026 5:16:59 PM io.gapi.emulators.netty.HttpVersionRoutingHandler channelRead
INFO: Detected non-HTTP/2 connection.
Aug 10, 2026 5:18:02 PM io.gapi.emulators.netty.HttpVersionRoutingHandler channelRead
INFO: Detected non-HTTP/2 connection.
Aug 10, 2026 5:19:05 PM io.gapi.emulators.netty.HttpVersionRoutingHandler channelRead
INFO: Detected non-HTTP/2 connection.
Aug 10, 2026 5:20:11 PM io.gapi.emulators.netty.HttpVersionRoutingHandler channelRead
INFO: Detected non-HTTP/2 connection.
Aug 10, 2026 5:21:16 PM io.gapi.emulators.netty.HttpVersionRoutingHandler channelRead
INFO: Detected non-HTTP/2 connection.
Aug 10, 2026 5:22:22 PM io.gapi.emulators.netty.HttpVersionRoutingHandler channelRead
INFO: Detected non-HTTP/2 connection.
Aug 10, 2026 5:23:29 PM io.gapi.emulators.netty.HttpVersionRoutingHandler channelRead
INFO: Detected non-HTTP/2 connection.
Aug 10, 2026 5:24:34 PM io.gapi.emulators.netty.HttpVersionRoutingHandler channelRead
INFO: Detected non-HTTP/2 connection.
Aug 10, 2026 5:25:40 PM io.gapi.emulators.netty.HttpVersionRoutingHandler channelRead
INFO: Detected non-HTTP/2 connection.
Aug 10, 2026 5:26:24 PM io.gapi.emulators.netty.HttpVersionRoutingHandler channelRead
INFO: Detected non-HTTP/2 connection.
Aug 10, 2026 5:27:31 PM io.gapi.emulators.netty.HttpVersionRoutingHandler channelRead
INFO: Detected non-HTTP/2 connection.
Aug 10, 2026 5:28:36 PM io.gapi.emulators.netty.HttpVersionRoutingHandler channelRead
INFO: Detected non-HTTP/2 connection.
Aug 10, 2026 5:29:20 PM io.gapi.emulators.netty.HttpVersionRoutingHandler channelRead
INFO: Detected non-HTTP/2 connection.
Aug 10, 2026 5:30:26 PM io.gapi.emulators.netty.HttpVersionRoutingHandler channelRead
INFO: Detected non-HTTP/2 connection.
Aug 10, 2026 5:31:32 PM io.gapi.emulators.netty.HttpVersionRoutingHandler channelRead
INFO: Detected non-HTTP/2 connection.
Aug 10, 2026 5:32:16 PM io.gapi.emulators.netty.HttpVersionRoutingHandler channelRead
INFO: Detected non-HTTP/2 connection.
Aug 10, 2026 5:33:22 PM io.gapi.emulators.netty.HttpVersionRoutingHandler channelRead
INFO: Detected non-HTTP/2 connection.
Aug 10, 2026 5:34:28 PM io.gapi.emulators.netty.HttpVersionRoutingHandler channelRead
INFO: Detected non-HTTP/2 connection.
Aug 10, 2026 5:35:12 PM io.gapi.emulators.netty.HttpVersionRoutingHandler channelRead
INFO: Detected non-HTTP/2 connection.
Aug 10, 2026 5:36:18 PM io.gapi.emulators.netty.HttpVersionRoutingHandler channelRead
INFO: Detected non-HTTP/2 connection.
Aug 10, 2026 5:37:24 PM io.gapi.emulators.netty.HttpVersionRoutingHandler channelRead
INFO: Detected non-HTTP/2 connection.
Aug 10, 2026 5:38:09 PM io.gapi.emulators.netty.HttpVersionRoutingHandler channelRead
INFO: Detected non-HTTP/2 connection.
Aug 10, 2026 5:39:14 PM io.gapi.emulators.netty.HttpVersionRoutingHandler channelRead
INFO: Detected non-HTTP/2 connection.
Aug 10, 2026 5:40:20 PM io.gapi.emulators.netty.HttpVersionRoutingHandler channelRead
INFO: Detected non-HTTP/2 connection.
Aug 10, 2026 5:41:05 PM io.gapi.emulators.netty.HttpVersionRoutingHandler channelRead
INFO: Detected non-HTTP/2 connection.
Aug 10, 2026 5:42:11 PM io.gapi.emulators.netty.HttpVersionRoutingHandler channelRead
INFO: Detected non-HTTP/2 connection.
Aug 10, 2026 5:43:17 PM io.gapi.emulators.netty.HttpVersionRoutingHandler channelRead
INFO: Detected non-HTTP/2 connection.
Aug 10, 2026 5:44:01 PM io.gapi.emulators.netty.HttpVersionRoutingHandler channelRead
INFO: Detected non-HTTP/2 connection.
Aug 10, 2026 5:45:07 PM io.gapi.emulators.netty.HttpVersionRoutingHandler channelRead
INFO: Detected non-HTTP/2 connection.
Aug 10, 2026 5:46:13 PM io.gapi.emulators.netty.HttpVersionRoutingHandler channelRead
INFO: Detected non-HTTP/2 connection.
Aug 10, 2026 5:46:57 PM io.gapi.emulators.netty.HttpVersionRoutingHandler channelRead
INFO: Detected non-HTTP/2 connection.
Aug 10, 2026 5:48:03 PM io.gapi.emulators.netty.HttpVersionRoutingHandler channelRead
INFO: Detected non-HTTP/2 connection.
Aug 10, 2026 5:49:09 PM io.gapi.emulators.netty.HttpVersionRoutingHandler channelRead
INFO: Detected non-HTTP/2 connection.
Aug 10, 2026 5:49:53 PM io.gapi.emulators.netty.HttpVersionRoutingHandler channelRead
INFO: Detected non-HTTP/2 connection.
Aug 10, 2026 5:50:41 PM io.gapi.emulators.netty.HttpVersionRoutingHandler channelRead
INFO: Detected non-HTTP/2 connection.
Aug 10, 2026 5:50:41 PM io.gapi.emulators.netty.HttpVersionRoutingHandler channelRead
INFO: Detected non-HTTP/2 connection.
Aug 10, 2026 5:50:41 PM io.gapi.emulators.netty.HttpVersionRoutingHandler channelRead
INFO: Detected non-HTTP/2 connection.
Aug 10, 2026 5:50:41 PM io.gapi.emulators.netty.HttpVersionRoutingHandler channelRead
INFO: Detected HTTP/2 connection.
Aug 10, 2026 5:50:46 PM io.gapi.emulators.netty.HttpVersionRoutingHandler channelRead
INFO: Detected non-HTTP/2 connection.
Aug 10, 2026 5:50:46 PM io.gapi.emulators.netty.HttpVersionRoutingHandler channelRead
INFO: Detected non-HTTP/2 connection.
Aug 10, 2026 5:50:46 PM io.gapi.emulators.netty.HttpVersionRoutingHandler channelRead
INFO: Detected non-HTTP/2 connection.
Aug 10, 2026 5:50:47 PM io.gapi.emulators.netty.HttpVersionRoutingHandler channelRead
INFO: Detected non-HTTP/2 connection.
Aug 10, 2026 5:50:47 PM io.gapi.emulators.netty.HttpVersionRoutingHandler channelRead
INFO: Detected non-HTTP/2 connection.
Aug 10, 2026 5:50:47 PM io.gapi.emulators.netty.HttpVersionRoutingHandler channelRead
INFO: Detected non-HTTP/2 connection.
Aug 10, 2026 5:50:47 PM io.gapi.emulators.netty.HttpVersionRoutingHandler channelRead
INFO: Detected non-HTTP/2 connection.
Aug 10, 2026 5:50:47 PM io.gapi.emulators.netty.HttpVersionRoutingHandler channelRead
INFO: Detected non-HTTP/2 connection.
Aug 10, 2026 5:50:50 PM io.gapi.emulators.netty.HttpVersionRoutingHandler channelRead
INFO: Detected non-HTTP/2 connection.
Aug 10, 2026 5:50:53 PM io.gapi.emulators.netty.HttpVersionRoutingHandler channelRead
INFO: Detected non-HTTP/2 connection.
Aug 10, 2026 5:50:59 PM io.gapi.emulators.netty.HttpVersionRoutingHandler channelRead
INFO: Detected non-HTTP/2 connection.
Aug 10, 2026 5:51:04 PM io.gapi.emulators.netty.HttpVersionRoutingHandler channelRead
INFO: Detected non-HTTP/2 connection.
Aug 10, 2026 5:51:04 PM io.gapi.emulators.netty.HttpVersionRoutingHandler channelRead
INFO: Detected non-HTTP/2 connection.
Aug 10, 2026 5:51:04 PM io.gapi.emulators.netty.HttpVersionRoutingHandler channelRead
INFO: Detected non-HTTP/2 connection.
Aug 10, 2026 5:51:06 PM io.gapi.emulators.netty.HttpVersionRoutingHandler channelRead
INFO: Detected non-HTTP/2 connection.
Aug 10, 2026 5:51:06 PM io.gapi.emulators.netty.HttpVersionRoutingHandler channelRead
INFO: Detected non-HTTP/2 connection.
Aug 10, 2026 5:51:06 PM io.gapi.emulators.netty.HttpVersionRoutingHandler channelRead
INFO: Detected non-HTTP/2 connection.
Aug 10, 2026 5:51:06 PM io.gapi.emulators.netty.HttpVersionRoutingHandler channelRead
INFO: Detected non-HTTP/2 connection.
Aug 10, 2026 5:51:06 PM io.gapi.emulators.netty.HttpVersionRoutingHandler channelRead
INFO: Detected non-HTTP/2 connection.
Aug 10, 2026 5:51:06 PM io.gapi.emulators.netty.HttpVersionRoutingHandler channelRead
INFO: Detected non-HTTP/2 connection.
Aug 10, 2026 5:51:08 PM io.gapi.emulators.netty.HttpVersionRoutingHandler channelRead
INFO: Detected non-HTTP/2 connection.
Aug 10, 2026 5:51:08 PM io.gapi.emulators.netty.HttpVersionRoutingHandler channelRead
INFO: Detected non-HTTP/2 connection.
Aug 10, 2026 5:51:08 PM io.gapi.emulators.netty.HttpVersionRoutingHandler channelRead
INFO: Detected non-HTTP/2 connection.
Aug 10, 2026 5:51:08 PM io.gapi.emulators.netty.HttpVersionRoutingHandler channelRead
INFO: Detected non-HTTP/2 connection.
Aug 10, 2026 5:51:08 PM io.gapi.emulators.netty.HttpVersionRoutingHandler channelRead
INFO: Detected non-HTTP/2 connection.
Aug 10, 2026 5:51:08 PM io.gapi.emulators.netty.HttpVersionRoutingHandler channelRead
INFO: Detected non-HTTP/2 connection.
Aug 10, 2026 5:51:08 PM io.gapi.emulators.netty.HttpVersionRoutingHandler channelRead
INFO: Detected non-HTTP/2 connection.
Aug 10, 2026 5:51:08 PM io.gapi.emulators.netty.HttpVersionRoutingHandler channelRead
INFO: Detected non-HTTP/2 connection.
Aug 10, 2026 5:51:18 PM io.gapi.emulators.netty.HttpVersionRoutingHandler channelRead
INFO: Detected non-HTTP/2 connection.
Aug 10, 2026 5:51:19 PM io.gapi.emulators.netty.HttpVersionRoutingHandler channelRead
INFO: Detected non-HTTP/2 connection.
Aug 10, 2026 5:51:19 PM io.gapi.emulators.netty.HttpVersionRoutingHandler channelRead
INFO: Detected non-HTTP/2 connection.
Aug 10, 2026 5:51:30 PM io.gapi.emulators.netty.HttpVersionRoutingHandler channelRead
INFO: Detected non-HTTP/2 connection.
Aug 10, 2026 5:51:30 PM io.gapi.emulators.netty.HttpVersionRoutingHandler channelRead
INFO: Detected non-HTTP/2 connection.
Aug 10, 2026 5:51:30 PM io.gapi.emulators.netty.HttpVersionRoutingHandler channelRead
INFO: Detected non-HTTP/2 connection.
Aug 10, 2026 5:51:30 PM io.gapi.emulators.netty.HttpVersionRoutingHandler channelRead
INFO: Detected non-HTTP/2 connection.
Aug 10, 2026 5:51:30 PM io.gapi.emulators.netty.HttpVersionRoutingHandler channelRead
INFO: Detected non-HTTP/2 connection.
Aug 10, 2026 5:51:30 PM io.gapi.emulators.netty.HttpVersionRoutingHandler channelRead
INFO: Detected non-HTTP/2 connection.
Aug 10, 2026 5:51:30 PM io.gapi.emulators.netty.HttpVersionRoutingHandler channelRead
INFO: Detected non-HTTP/2 connection.
Aug 10, 2026 5:51:30 PM io.gapi.emulators.netty.HttpVersionRoutingHandler channelRead
INFO: Detected non-HTTP/2 connection.
Aug 10, 2026 5:51:33 PM io.gapi.emulators.netty.HttpVersionRoutingHandler channelRead
INFO: Detected non-HTTP/2 connection.
Aug 10, 2026 5:51:33 PM io.gapi.emulators.netty.HttpVersionRoutingHandler channelRead
INFO: Detected non-HTTP/2 connection.
Aug 10, 2026 5:51:33 PM io.gapi.emulators.netty.HttpVersionRoutingHandler channelRead
INFO: Detected non-HTTP/2 connection.
Aug 10, 2026 5:51:33 PM io.gapi.emulators.netty.HttpVersionRoutingHandler channelRead
INFO: Detected non-HTTP/2 connection.
Aug 10, 2026 5:51:45 PM io.gapi.emulators.netty.HttpVersionRoutingHandler channelRead
INFO: Detected non-HTTP/2 connection.
Aug 10, 2026 5:51:45 PM io.gapi.emulators.netty.HttpVersionRoutingHandler channelRead
INFO: Detected non-HTTP/2 connection.
Aug 10, 2026 5:51:53 PM io.gapi.emulators.netty.HttpVersionRoutingHandler channelRead
INFO: Detected non-HTTP/2 connection.
Aug 10, 2026 5:52:02 PM io.gapi.emulators.netty.HttpVersionRoutingHandler channelRead
INFO: Detected non-HTTP/2 connection.
Aug 10, 2026 5:52:02 PM com.google.cloud.datastore.emulator.firestore.webchannel.FirestoreV1WebChannelAdapter$FirestoreWriteHandler onClose
INFO: channel closed
Aug 10, 2026 5:52:06 PM io.gapi.emulators.netty.HttpVersionRoutingHandler channelRead
INFO: Detected non-HTTP/2 connection.
Aug 10, 2026 5:52:06 PM com.google.cloud.datastore.emulator.firestore.webchannel.FirestoreV1WebChannelAdapter$FirestoreWriteHandler onClose
INFO: channel closed
Aug 10, 2026 5:52:23 PM io.gapi.emulators.netty.HttpVersionRoutingHandler channelRead
INFO: Detected non-HTTP/2 connection.
Aug 10, 2026 5:52:32 PM io.gapi.emulators.netty.HttpVersionRoutingHandler channelRead
INFO: Detected non-HTTP/2 connection.
Aug 10, 2026 5:53:38 PM io.gapi.emulators.netty.HttpVersionRoutingHandler channelRead
INFO: Detected non-HTTP/2 connection.
Aug 10, 2026 5:53:48 PM io.gapi.emulators.netty.HttpVersionRoutingHandler channelRead
INFO: Detected non-HTTP/2 connection.
Aug 10, 2026 5:54:33 PM io.gapi.emulators.netty.HttpVersionRoutingHandler channelRead
INFO: Detected non-HTTP/2 connection.
Aug 10, 2026 5:54:45 PM io.gapi.emulators.netty.HttpVersionRoutingHandler channelRead
INFO: Detected non-HTTP/2 connection.
Aug 10, 2026 5:55:30 PM io.gapi.emulators.netty.HttpVersionRoutingHandler channelRead
INFO: Detected non-HTTP/2 connection.
Aug 10, 2026 5:55:40 PM io.gapi.emulators.netty.HttpVersionRoutingHandler channelRead
INFO: Detected non-HTTP/2 connection.
Aug 10, 2026 5:56:16 PM io.gapi.emulators.netty.HttpVersionRoutingHandler channelRead
INFO: Detected non-HTTP/2 connection.
Aug 10, 2026 5:56:33 PM io.gapi.emulators.netty.HttpVersionRoutingHandler channelRead
INFO: Detected non-HTTP/2 connection.
Aug 10, 2026 5:57:35 PM io.gapi.emulators.netty.HttpVersionRoutingHandler channelRead
INFO: Detected non-HTTP/2 connection.
Aug 10, 2026 5:57:37 PM io.gapi.emulators.netty.HttpVersionRoutingHandler channelRead
INFO: Detected non-HTTP/2 connection.
Aug 10, 2026 5:58:20 PM io.gapi.emulators.netty.HttpVersionRoutingHandler channelRead
INFO: Detected non-HTTP/2 connection.
Aug 10, 2026 5:59:15 PM io.gapi.emulators.netty.HttpVersionRoutingHandler channelRead
INFO: Detected non-HTTP/2 connection.
Aug 10, 2026 5:59:26 PM io.gapi.emulators.netty.HttpVersionRoutingHandler channelRead
INFO: Detected non-HTTP/2 connection.
Aug 10, 2026 6:00:03 PM io.gapi.emulators.netty.HttpVersionRoutingHandler channelRead
INFO: Detected non-HTTP/2 connection.
Aug 10, 2026 6:00:42 PM io.gapi.emulators.netty.HttpVersionRoutingHandler channelRead
INFO: Detected non-HTTP/2 connection.
Aug 10, 2026 6:00:45 PM io.gapi.emulators.netty.HttpVersionRoutingHandler channelRead
INFO: Detected non-HTTP/2 connection.
Aug 10, 2026 6:01:31 PM io.gapi.emulators.netty.HttpVersionRoutingHandler channelRead
INFO: Detected non-HTTP/2 connection.
Aug 10, 2026 6:01:35 PM io.gapi.emulators.netty.HttpVersionRoutingHandler channelRead
INFO: Detected non-HTTP/2 connection.
Aug 10, 2026 6:02:15 PM io.gapi.emulators.netty.HttpVersionRoutingHandler channelRead
INFO: Detected non-HTTP/2 connection.
Aug 10, 2026 6:02:19 PM io.gapi.emulators.netty.HttpVersionRoutingHandler channelRead
INFO: Detected non-HTTP/2 connection.
Aug 10, 2026 6:03:04 PM io.gapi.emulators.netty.HttpVersionRoutingHandler channelRead
INFO: Detected non-HTTP/2 connection.
Aug 10, 2026 6:03:23 PM io.gapi.emulators.netty.HttpVersionRoutingHandler channelRead
INFO: Detected non-HTTP/2 connection.
Aug 10, 2026 6:04:12 PM io.gapi.emulators.netty.HttpVersionRoutingHandler channelRead
INFO: Detected non-HTTP/2 connection.
Aug 10, 2026 6:04:23 PM io.gapi.emulators.netty.HttpVersionRoutingHandler channelRead
INFO: Detected non-HTTP/2 connection.
Aug 10, 2026 6:05:26 PM io.gapi.emulators.netty.HttpVersionRoutingHandler channelRead
INFO: Detected non-HTTP/2 connection.
Aug 10, 2026 6:05:52 PM io.gapi.emulators.netty.HttpVersionRoutingHandler channelRead
INFO: Detected non-HTTP/2 connection.
Aug 10, 2026 6:06:36 PM io.gapi.emulators.netty.HttpVersionRoutingHandler channelRead
INFO: Detected non-HTTP/2 connection.
Aug 10, 2026 6:06:43 PM io.gapi.emulators.netty.HttpVersionRoutingHandler channelRead
INFO: Detected non-HTTP/2 connection.
Aug 10, 2026 6:07:29 PM io.gapi.emulators.netty.HttpVersionRoutingHandler channelRead
INFO: Detected non-HTTP/2 connection.
Aug 10, 2026 6:07:43 PM io.gapi.emulators.netty.HttpVersionRoutingHandler channelRead
INFO: Detected non-HTTP/2 connection.
Aug 10, 2026 6:08:17 PM io.gapi.emulators.netty.HttpVersionRoutingHandler channelRead
INFO: Detected non-HTTP/2 connection.
Aug 10, 2026 6:08:27 PM io.gapi.emulators.netty.HttpVersionRoutingHandler channelRead
INFO: Detected non-HTTP/2 connection.
Aug 10, 2026 6:09:02 PM io.gapi.emulators.netty.HttpVersionRoutingHandler channelRead
INFO: Detected non-HTTP/2 connection.
Aug 10, 2026 6:09:33 PM io.gapi.emulators.netty.HttpVersionRoutingHandler channelRead
INFO: Detected non-HTTP/2 connection.
Aug 10, 2026 6:10:06 PM io.gapi.emulators.netty.HttpVersionRoutingHandler channelRead
INFO: Detected non-HTTP/2 connection.
Aug 10, 2026 6:10:39 PM io.gapi.emulators.netty.HttpVersionRoutingHandler channelRead
INFO: Detected non-HTTP/2 connection.
Aug 10, 2026 6:11:24 PM io.gapi.emulators.netty.HttpVersionRoutingHandler channelRead
INFO: Detected non-HTTP/2 connection.
Aug 10, 2026 6:11:42 PM io.gapi.emulators.netty.HttpVersionRoutingHandler channelRead
INFO: Detected non-HTTP/2 connection.
Aug 10, 2026 6:12:29 PM io.gapi.emulators.netty.HttpVersionRoutingHandler channelRead
INFO: Detected non-HTTP/2 connection.
Aug 10, 2026 6:12:31 PM io.gapi.emulators.netty.HttpVersionRoutingHandler channelRead
INFO: Detected non-HTTP/2 connection.
Aug 10, 2026 6:13:35 PM io.gapi.emulators.netty.HttpVersionRoutingHandler channelRead
INFO: Detected non-HTTP/2 connection.
Aug 10, 2026 6:13:35 PM io.gapi.emulators.netty.HttpVersionRoutingHandler channelRead
INFO: Detected non-HTTP/2 connection.
Aug 10, 2026 6:14:17 PM io.gapi.emulators.netty.HttpVersionRoutingHandler channelRead
INFO: Detected non-HTTP/2 connection.
Aug 10, 2026 6:14:17 PM io.gapi.emulators.netty.HttpVersionRoutingHandler channelRead
INFO: Detected non-HTTP/2 connection.
Aug 10, 2026 6:15:24 PM io.gapi.emulators.netty.HttpVersionRoutingHandler channelRead
INFO: Detected non-HTTP/2 connection.
Aug 10, 2026 6:15:24 PM io.gapi.emulators.netty.HttpVersionRoutingHandler channelRead
INFO: Detected non-HTTP/2 connection.
Aug 10, 2026 6:16:14 PM io.gapi.emulators.netty.HttpVersionRoutingHandler channelRead
INFO: Detected non-HTTP/2 connection.
Aug 10, 2026 6:16:14 PM io.gapi.emulators.netty.HttpVersionRoutingHandler channelRead
INFO: Detected non-HTTP/2 connection.
Aug 10, 2026 6:16:14 PM io.gapi.emulators.netty.HttpVersionRoutingHandler channelRead
INFO: Detected non-HTTP/2 connection.
Aug 10, 2026 6:16:24 PM io.gapi.emulators.netty.HttpVersionRoutingHandler channelRead
INFO: Detected non-HTTP/2 connection.
Aug 10, 2026 6:16:24 PM io.gapi.emulators.netty.HttpVersionRoutingHandler channelRead
INFO: Detected non-HTTP/2 connection.
Aug 10, 2026 6:16:24 PM io.gapi.emulators.netty.HttpVersionRoutingHandler channelRead
INFO: Detected non-HTTP/2 connection.
Aug 10, 2026 6:16:24 PM io.gapi.emulators.netty.HttpVersionRoutingHandler channelRead
INFO: Detected non-HTTP/2 connection.
Aug 10, 2026 6:16:28 PM io.gapi.emulators.netty.HttpVersionRoutingHandler channelRead
INFO: Detected non-HTTP/2 connection.
Aug 10, 2026 6:16:31 PM io.gapi.emulators.netty.HttpVersionRoutingHandler channelRead
INFO: Detected non-HTTP/2 connection.
Aug 10, 2026 6:17:09 PM io.gapi.emulators.netty.HttpVersionRoutingHandler channelRead
INFO: Detected non-HTTP/2 connection.
Aug 10, 2026 6:17:12 PM io.gapi.emulators.netty.HttpVersionRoutingHandler channelRead
INFO: Detected non-HTTP/2 connection.
Aug 10, 2026 6:17:59 PM io.gapi.emulators.netty.HttpVersionRoutingHandler channelRead
INFO: Detected non-HTTP/2 connection.
Aug 10, 2026 6:18:09 PM io.gapi.emulators.netty.HttpVersionRoutingHandler channelRead
INFO: Detected non-HTTP/2 connection.
Aug 10, 2026 6:18:45 PM io.gapi.emulators.netty.HttpVersionRoutingHandler channelRead
INFO: Detected non-HTTP/2 connection.
Aug 10, 2026 6:18:58 PM io.gapi.emulators.netty.HttpVersionRoutingHandler channelRead
INFO: Detected non-HTTP/2 connection.
Aug 10, 2026 6:20:03 PM io.gapi.emulators.netty.HttpVersionRoutingHandler channelRead
INFO: Detected non-HTTP/2 connection.
Aug 10, 2026 6:20:07 PM io.gapi.emulators.netty.HttpVersionRoutingHandler channelRead
INFO: Detected non-HTTP/2 connection.
Aug 10, 2026 6:20:49 PM io.gapi.emulators.netty.HttpVersionRoutingHandler channelRead
INFO: Detected non-HTTP/2 connection.
Aug 10, 2026 6:21:16 PM io.gapi.emulators.netty.HttpVersionRoutingHandler channelRead
INFO: Detected non-HTTP/2 connection.
Aug 10, 2026 6:21:37 PM io.gapi.emulators.netty.HttpVersionRoutingHandler channelRead
INFO: Detected non-HTTP/2 connection.
Aug 10, 2026 6:22:28 PM io.gapi.emulators.netty.HttpVersionRoutingHandler channelRead
INFO: Detected non-HTTP/2 connection.
Aug 10, 2026 6:22:34 PM io.gapi.emulators.netty.HttpVersionRoutingHandler channelRead
INFO: Detected non-HTTP/2 connection.
Aug 10, 2026 6:23:19 PM io.gapi.emulators.netty.HttpVersionRoutingHandler channelRead
INFO: Detected non-HTTP/2 connection.
Aug 10, 2026 6:23:34 PM io.gapi.emulators.netty.HttpVersionRoutingHandler channelRead
INFO: Detected non-HTTP/2 connection.
Aug 10, 2026 6:24:04 PM io.gapi.emulators.netty.HttpVersionRoutingHandler channelRead
INFO: Detected non-HTTP/2 connection.
Aug 10, 2026 6:24:16 PM io.gapi.emulators.netty.HttpVersionRoutingHandler channelRead
INFO: Detected non-HTTP/2 connection.
Aug 10, 2026 6:25:05 PM io.gapi.emulators.netty.HttpVersionRoutingHandler channelRead
INFO: Detected non-HTTP/2 connection.
Aug 10, 2026 6:25:11 PM io.gapi.emulators.netty.HttpVersionRoutingHandler channelRead
INFO: Detected non-HTTP/2 connection.
Aug 10, 2026 6:25:56 PM io.gapi.emulators.netty.HttpVersionRoutingHandler channelRead
INFO: Detected non-HTTP/2 connection.
Aug 10, 2026 6:26:11 PM io.gapi.emulators.netty.HttpVersionRoutingHandler channelRead
INFO: Detected non-HTTP/2 connection.
Aug 10, 2026 6:26:41 PM io.gapi.emulators.netty.HttpVersionRoutingHandler channelRead
INFO: Detected non-HTTP/2 connection.
Aug 10, 2026 6:26:53 PM io.gapi.emulators.netty.HttpVersionRoutingHandler channelRead
INFO: Detected non-HTTP/2 connection.
Aug 10, 2026 6:27:42 PM io.gapi.emulators.netty.HttpVersionRoutingHandler channelRead
INFO: Detected non-HTTP/2 connection.
Aug 10, 2026 6:27:48 PM io.gapi.emulators.netty.HttpVersionRoutingHandler channelRead
INFO: Detected non-HTTP/2 connection.
Aug 10, 2026 6:28:33 PM io.gapi.emulators.netty.HttpVersionRoutingHandler channelRead
INFO: Detected non-HTTP/2 connection.
Aug 10, 2026 6:28:59 PM io.gapi.emulators.netty.HttpVersionRoutingHandler channelRead
INFO: Detected non-HTTP/2 connection.
Aug 10, 2026 6:29:50 PM io.gapi.emulators.netty.HttpVersionRoutingHandler channelRead
INFO: Detected non-HTTP/2 connection.
Aug 10, 2026 6:30:18 PM io.gapi.emulators.netty.HttpVersionRoutingHandler channelRead
INFO: Detected non-HTTP/2 connection.
Aug 10, 2026 6:30:57 PM io.gapi.emulators.netty.HttpVersionRoutingHandler channelRead
INFO: Detected non-HTTP/2 connection.
Aug 10, 2026 6:31:03 PM io.gapi.emulators.netty.HttpVersionRoutingHandler channelRead
INFO: Detected non-HTTP/2 connection.
Aug 10, 2026 6:31:48 PM io.gapi.emulators.netty.HttpVersionRoutingHandler channelRead
INFO: Detected non-HTTP/2 connection.
Aug 10, 2026 6:32:12 PM io.gapi.emulators.netty.HttpVersionRoutingHandler channelRead
INFO: Detected non-HTTP/2 connection.
Aug 10, 2026 6:32:56 PM io.gapi.emulators.netty.HttpVersionRoutingHandler channelRead
INFO: Detected non-HTTP/2 connection.
Aug 10, 2026 6:33:02 PM io.gapi.emulators.netty.HttpVersionRoutingHandler channelRead
INFO: Detected non-HTTP/2 connection.
Aug 10, 2026 6:33:41 PM io.gapi.emulators.netty.HttpVersionRoutingHandler channelRead
INFO: Detected non-HTTP/2 connection.
Aug 10, 2026 6:34:08 PM io.gapi.emulators.netty.HttpVersionRoutingHandler channelRead
INFO: Detected non-HTTP/2 connection.
Aug 10, 2026 6:34:43 PM io.gapi.emulators.netty.HttpVersionRoutingHandler channelRead
INFO: Detected non-HTTP/2 connection.
Aug 10, 2026 6:35:26 PM io.gapi.emulators.netty.HttpVersionRoutingHandler channelRead
INFO: Detected non-HTTP/2 connection.
Aug 10, 2026 6:36:02 PM io.gapi.emulators.netty.HttpVersionRoutingHandler channelRead
INFO: Detected non-HTTP/2 connection.
Aug 10, 2026 6:36:31 PM io.gapi.emulators.netty.HttpVersionRoutingHandler channelRead
INFO: Detected non-HTTP/2 connection.
Aug 10, 2026 6:36:47 PM io.gapi.emulators.netty.HttpVersionRoutingHandler channelRead
INFO: Detected non-HTTP/2 connection.
Aug 10, 2026 6:37:31 PM io.gapi.emulators.netty.HttpVersionRoutingHandler channelRead
INFO: Detected non-HTTP/2 connection.
Aug 10, 2026 6:37:46 PM io.gapi.emulators.netty.HttpVersionRoutingHandler channelRead
INFO: Detected non-HTTP/2 connection.
Aug 10, 2026 6:38:36 PM io.gapi.emulators.netty.HttpVersionRoutingHandler channelRead
INFO: Detected non-HTTP/2 connection.
Aug 10, 2026 6:38:48 PM io.gapi.emulators.netty.HttpVersionRoutingHandler channelRead
INFO: Detected non-HTTP/2 connection.
Aug 10, 2026 6:39:22 PM io.gapi.emulators.netty.HttpVersionRoutingHandler channelRead
INFO: Detected non-HTTP/2 connection.
Aug 10, 2026 6:39:53 PM io.gapi.emulators.netty.HttpVersionRoutingHandler channelRead
INFO: Detected non-HTTP/2 connection.
Aug 10, 2026 6:40:38 PM io.gapi.emulators.netty.HttpVersionRoutingHandler channelRead
INFO: Detected non-HTTP/2 connection.
Aug 10, 2026 6:40:39 PM io.gapi.emulators.netty.HttpVersionRoutingHandler channelRead
INFO: Detected non-HTTP/2 connection.
Aug 10, 2026 6:41:43 PM io.gapi.emulators.netty.HttpVersionRoutingHandler channelRead
INFO: Detected non-HTTP/2 connection.
Aug 10, 2026 6:41:43 PM io.gapi.emulators.netty.HttpVersionRoutingHandler channelRead
INFO: Detected non-HTTP/2 connection.
Aug 10, 2026 6:42:30 PM io.gapi.emulators.netty.HttpVersionRoutingHandler channelRead
INFO: Detected non-HTTP/2 connection.
Aug 10, 2026 6:42:47 PM io.gapi.emulators.netty.HttpVersionRoutingHandler channelRead
INFO: Detected non-HTTP/2 connection.
Aug 10, 2026 6:43:14 PM io.gapi.emulators.netty.HttpVersionRoutingHandler channelRead
INFO: Detected non-HTTP/2 connection.
Aug 10, 2026 6:44:03 PM io.gapi.emulators.netty.HttpVersionRoutingHandler channelRead
INFO: Detected non-HTTP/2 connection.
Aug 10, 2026 6:44:30 PM io.gapi.emulators.netty.HttpVersionRoutingHandler channelRead
INFO: Detected non-HTTP/2 connection.
Aug 10, 2026 6:45:19 PM io.gapi.emulators.netty.HttpVersionRoutingHandler channelRead
INFO: Detected non-HTTP/2 connection.
Aug 10, 2026 6:45:22 PM io.gapi.emulators.netty.HttpVersionRoutingHandler channelRead
INFO: Detected non-HTTP/2 connection.
Aug 10, 2026 6:46:35 PM io.gapi.emulators.netty.HttpVersionRoutingHandler channelRead
INFO: Detected non-HTTP/2 connection.
Aug 10, 2026 6:46:38 PM io.gapi.emulators.netty.HttpVersionRoutingHandler channelRead
INFO: Detected non-HTTP/2 connection.
Aug 10, 2026 6:47:18 PM io.gapi.emulators.netty.HttpVersionRoutingHandler channelRead
INFO: Detected non-HTTP/2 connection.
Aug 10, 2026 6:47:41 PM io.gapi.emulators.netty.HttpVersionRoutingHandler channelRead
INFO: Detected non-HTTP/2 connection.
Aug 10, 2026 6:48:07 PM io.gapi.emulators.netty.HttpVersionRoutingHandler channelRead
INFO: Detected non-HTTP/2 connection.
Aug 10, 2026 6:48:24 PM io.gapi.emulators.netty.HttpVersionRoutingHandler channelRead
INFO: Detected non-HTTP/2 connection.
Aug 10, 2026 6:48:53 PM io.gapi.emulators.netty.HttpVersionRoutingHandler channelRead
INFO: Detected non-HTTP/2 connection.
Aug 10, 2026 6:49:38 PM io.gapi.emulators.netty.HttpVersionRoutingHandler channelRead
INFO: Detected non-HTTP/2 connection.
Aug 10, 2026 6:49:42 PM io.gapi.emulators.netty.HttpVersionRoutingHandler channelRead
INFO: Detected non-HTTP/2 connection.
Aug 10, 2026 6:50:22 PM io.gapi.emulators.netty.HttpVersionRoutingHandler channelRead
INFO: Detected non-HTTP/2 connection.
Aug 10, 2026 6:50:29 PM io.gapi.emulators.netty.HttpVersionRoutingHandler channelRead
INFO: Detected non-HTTP/2 connection.
Aug 10, 2026 6:51:14 PM io.gapi.emulators.netty.HttpVersionRoutingHandler channelRead
INFO: Detected non-HTTP/2 connection.
Aug 10, 2026 6:51:27 PM io.gapi.emulators.netty.HttpVersionRoutingHandler channelRead
INFO: Detected non-HTTP/2 connection.
Aug 10, 2026 6:52:12 PM io.gapi.emulators.netty.HttpVersionRoutingHandler channelRead
INFO: Detected non-HTTP/2 connection.
Aug 10, 2026 6:52:34 PM io.gapi.emulators.netty.HttpVersionRoutingHandler channelRead
INFO: Detected non-HTTP/2 connection.
Aug 10, 2026 6:53:31 PM io.gapi.emulators.netty.HttpVersionRoutingHandler channelRead
INFO: Detected non-HTTP/2 connection.
Aug 10, 2026 6:53:35 PM io.gapi.emulators.netty.HttpVersionRoutingHandler channelRead
INFO: Detected non-HTTP/2 connection.
Aug 10, 2026 6:54:23 PM io.gapi.emulators.netty.HttpVersionRoutingHandler channelRead
INFO: Detected non-HTTP/2 connection.
Aug 10, 2026 6:54:37 PM io.gapi.emulators.netty.HttpVersionRoutingHandler channelRead
INFO: Detected non-HTTP/2 connection.
Aug 10, 2026 6:55:22 PM io.gapi.emulators.netty.HttpVersionRoutingHandler channelRead
INFO: Detected non-HTTP/2 connection.
Aug 10, 2026 6:55:28 PM io.gapi.emulators.netty.HttpVersionRoutingHandler channelRead
INFO: Detected non-HTTP/2 connection.
Aug 10, 2026 6:56:10 PM io.gapi.emulators.netty.HttpVersionRoutingHandler channelRead
INFO: Detected non-HTTP/2 connection.
Aug 10, 2026 6:56:13 PM io.gapi.emulators.netty.HttpVersionRoutingHandler channelRead
INFO: Detected non-HTTP/2 connection.
Aug 10, 2026 6:56:56 PM io.gapi.emulators.netty.HttpVersionRoutingHandler channelRead
INFO: Detected non-HTTP/2 connection.
Aug 10, 2026 6:57:00 PM io.gapi.emulators.netty.HttpVersionRoutingHandler channelRead
INFO: Detected non-HTTP/2 connection.
Aug 10, 2026 6:57:40 PM io.gapi.emulators.netty.HttpVersionRoutingHandler channelRead
INFO: Detected non-HTTP/2 connection.
Aug 10, 2026 6:57:46 PM io.gapi.emulators.netty.HttpVersionRoutingHandler channelRead
INFO: Detected non-HTTP/2 connection.
Aug 10, 2026 6:58:31 PM io.gapi.emulators.netty.HttpVersionRoutingHandler channelRead
INFO: Detected non-HTTP/2 connection.
Aug 10, 2026 6:58:45 PM io.gapi.emulators.netty.HttpVersionRoutingHandler channelRead
INFO: Detected non-HTTP/2 connection.
Aug 10, 2026 6:59:33 PM io.gapi.emulators.netty.HttpVersionRoutingHandler channelRead
INFO: Detected non-HTTP/2 connection.
Aug 10, 2026 6:59:37 PM io.gapi.emulators.netty.HttpVersionRoutingHandler channelRead
INFO: Detected non-HTTP/2 connection.
Aug 10, 2026 7:00:15 PM io.gapi.emulators.netty.HttpVersionRoutingHandler channelRead
INFO: Detected non-HTTP/2 connection.
Aug 10, 2026 7:00:23 PM io.gapi.emulators.netty.HttpVersionRoutingHandler channelRead
INFO: Detected non-HTTP/2 connection.
Aug 10, 2026 7:01:05 PM io.gapi.emulators.netty.HttpVersionRoutingHandler channelRead
INFO: Detected non-HTTP/2 connection.
Aug 10, 2026 7:01:32 PM io.gapi.emulators.netty.HttpVersionRoutingHandler channelRead
INFO: Detected non-HTTP/2 connection.
Aug 10, 2026 7:01:49 PM io.gapi.emulators.netty.HttpVersionRoutingHandler channelRead
INFO: Detected non-HTTP/2 connection.
Aug 10, 2026 7:02:20 PM io.gapi.emulators.netty.HttpVersionRoutingHandler channelRead
INFO: Detected non-HTTP/2 connection.
Aug 10, 2026 7:02:42 PM io.gapi.emulators.netty.HttpVersionRoutingHandler channelRead
INFO: Detected non-HTTP/2 connection.
Aug 10, 2026 7:03:27 PM io.gapi.emulators.netty.HttpVersionRoutingHandler channelRead
INFO: Detected non-HTTP/2 connection.
Aug 10, 2026 7:03:27 PM io.gapi.emulators.netty.HttpVersionRoutingHandler channelRead
INFO: Detected non-HTTP/2 connection.
Aug 10, 2026 7:04:11 PM io.gapi.emulators.netty.HttpVersionRoutingHandler channelRead
INFO: Detected non-HTTP/2 connection.
Aug 10, 2026 7:04:12 PM io.gapi.emulators.netty.HttpVersionRoutingHandler channelRead
INFO: Detected non-HTTP/2 connection.
Aug 10, 2026 7:05:30 PM io.gapi.emulators.netty.HttpVersionRoutingHandler channelRead
INFO: Detected non-HTTP/2 connection.
Aug 10, 2026 7:05:30 PM io.gapi.emulators.netty.HttpVersionRoutingHandler channelRead
INFO: Detected non-HTTP/2 connection.
Aug 10, 2026 7:06:15 PM io.gapi.emulators.netty.HttpVersionRoutingHandler channelRead
INFO: Detected non-HTTP/2 connection.
Aug 10, 2026 7:06:15 PM io.gapi.emulators.netty.HttpVersionRoutingHandler channelRead
INFO: Detected non-HTTP/2 connection.
Aug 10, 2026 7:07:21 PM io.gapi.emulators.netty.HttpVersionRoutingHandler channelRead
INFO: Detected non-HTTP/2 connection.
Aug 10, 2026 7:07:21 PM io.gapi.emulators.netty.HttpVersionRoutingHandler channelRead
INFO: Detected non-HTTP/2 connection.
Aug 10, 2026 7:08:36 PM io.gapi.emulators.netty.HttpVersionRoutingHandler channelRead
INFO: Detected non-HTTP/2 connection.
Aug 10, 2026 7:08:36 PM io.gapi.emulators.netty.HttpVersionRoutingHandler channelRead
INFO: Detected non-HTTP/2 connection.
Aug 10, 2026 7:09:26 PM io.gapi.emulators.netty.HttpVersionRoutingHandler channelRead
INFO: Detected non-HTTP/2 connection.
Aug 10, 2026 7:09:26 PM io.gapi.emulators.netty.HttpVersionRoutingHandler channelRead
INFO: Detected non-HTTP/2 connection.
Aug 10, 2026 7:10:09 PM io.gapi.emulators.netty.HttpVersionRoutingHandler channelRead
INFO: Detected non-HTTP/2 connection.
Aug 10, 2026 7:10:09 PM io.gapi.emulators.netty.HttpVersionRoutingHandler channelRead
INFO: Detected non-HTTP/2 connection.
Aug 10, 2026 7:10:58 PM io.gapi.emulators.netty.HttpVersionRoutingHandler channelRead
INFO: Detected non-HTTP/2 connection.
Aug 10, 2026 7:10:58 PM io.gapi.emulators.netty.HttpVersionRoutingHandler channelRead
INFO: Detected non-HTTP/2 connection.
Aug 10, 2026 7:12:13 PM io.gapi.emulators.netty.HttpVersionRoutingHandler channelRead
INFO: Detected non-HTTP/2 connection.
Aug 10, 2026 7:12:13 PM io.gapi.emulators.netty.HttpVersionRoutingHandler channelRead
INFO: Detected non-HTTP/2 connection.
Aug 10, 2026 7:12:59 PM io.gapi.emulators.netty.HttpVersionRoutingHandler channelRead
INFO: Detected non-HTTP/2 connection.
Aug 10, 2026 7:12:59 PM io.gapi.emulators.netty.HttpVersionRoutingHandler channelRead
INFO: Detected non-HTTP/2 connection.
Aug 10, 2026 7:14:05 PM io.gapi.emulators.netty.HttpVersionRoutingHandler channelRead
INFO: Detected non-HTTP/2 connection.
Aug 10, 2026 7:14:05 PM io.gapi.emulators.netty.HttpVersionRoutingHandler channelRead
INFO: Detected non-HTTP/2 connection.
Aug 10, 2026 7:14:47 PM io.gapi.emulators.netty.HttpVersionRoutingHandler channelRead
INFO: Detected non-HTTP/2 connection.
Aug 10, 2026 7:14:47 PM io.gapi.emulators.netty.HttpVersionRoutingHandler channelRead
INFO: Detected non-HTTP/2 connection.
Aug 10, 2026 7:15:53 PM io.gapi.emulators.netty.HttpVersionRoutingHandler channelRead
INFO: Detected non-HTTP/2 connection.
Aug 10, 2026 7:15:53 PM io.gapi.emulators.netty.HttpVersionRoutingHandler channelRead
INFO: Detected non-HTTP/2 connection.
Aug 10, 2026 7:16:58 PM io.gapi.emulators.netty.HttpVersionRoutingHandler channelRead
INFO: Detected non-HTTP/2 connection.
Aug 10, 2026 7:16:58 PM io.gapi.emulators.netty.HttpVersionRoutingHandler channelRead
INFO: Detected non-HTTP/2 connection.
Aug 10, 2026 7:18:04 PM io.gapi.emulators.netty.HttpVersionRoutingHandler channelRead
INFO: Detected non-HTTP/2 connection.
Aug 10, 2026 7:18:04 PM io.gapi.emulators.netty.HttpVersionRoutingHandler channelRead
INFO: Detected non-HTTP/2 connection.
Aug 10, 2026 7:19:10 PM io.gapi.emulators.netty.HttpVersionRoutingHandler channelRead
INFO: Detected non-HTTP/2 connection.
Aug 10, 2026 7:19:10 PM io.gapi.emulators.netty.HttpVersionRoutingHandler channelRead
INFO: Detected non-HTTP/2 connection.
Aug 10, 2026 7:20:16 PM io.gapi.emulators.netty.HttpVersionRoutingHandler channelRead
INFO: Detected non-HTTP/2 connection.
Aug 10, 2026 7:20:16 PM io.gapi.emulators.netty.HttpVersionRoutingHandler channelRead
INFO: Detected non-HTTP/2 connection.
Aug 10, 2026 7:21:22 PM io.gapi.emulators.netty.HttpVersionRoutingHandler channelRead
INFO: Detected non-HTTP/2 connection.
Aug 10, 2026 7:21:22 PM io.gapi.emulators.netty.HttpVersionRoutingHandler channelRead
INFO: Detected non-HTTP/2 connection.
Aug 10, 2026 7:22:06 PM io.gapi.emulators.netty.HttpVersionRoutingHandler channelRead
INFO: Detected non-HTTP/2 connection.
Aug 10, 2026 7:22:06 PM io.gapi.emulators.netty.HttpVersionRoutingHandler channelRead
INFO: Detected non-HTTP/2 connection.
Aug 10, 2026 7:23:12 PM io.gapi.emulators.netty.HttpVersionRoutingHandler channelRead
INFO: Detected non-HTTP/2 connection.
Aug 10, 2026 7:23:12 PM io.gapi.emulators.netty.HttpVersionRoutingHandler channelRead
INFO: Detected non-HTTP/2 connection.
Aug 10, 2026 7:24:18 PM io.gapi.emulators.netty.HttpVersionRoutingHandler channelRead
INFO: Detected non-HTTP/2 connection.
Aug 10, 2026 7:24:18 PM io.gapi.emulators.netty.HttpVersionRoutingHandler channelRead
INFO: Detected non-HTTP/2 connection.
Aug 10, 2026 7:25:03 PM io.gapi.emulators.netty.HttpVersionRoutingHandler channelRead
INFO: Detected non-HTTP/2 connection.
Aug 10, 2026 7:25:03 PM io.gapi.emulators.netty.HttpVersionRoutingHandler channelRead
INFO: Detected non-HTTP/2 connection.
Aug 10, 2026 7:26:08 PM io.gapi.emulators.netty.HttpVersionRoutingHandler channelRead
INFO: Detected non-HTTP/2 connection.
Aug 10, 2026 7:26:08 PM io.gapi.emulators.netty.HttpVersionRoutingHandler channelRead
INFO: Detected non-HTTP/2 connection.
Aug 10, 2026 7:27:26 PM io.gapi.emulators.netty.HttpVersionRoutingHandler channelRead
INFO: Detected non-HTTP/2 connection.
Aug 10, 2026 7:27:26 PM io.gapi.emulators.netty.HttpVersionRoutingHandler channelRead
INFO: Detected non-HTTP/2 connection.
Aug 10, 2026 7:28:32 PM io.gapi.emulators.netty.HttpVersionRoutingHandler channelRead
INFO: Detected non-HTTP/2 connection.
Aug 10, 2026 7:28:32 PM io.gapi.emulators.netty.HttpVersionRoutingHandler channelRead
INFO: Detected non-HTTP/2 connection.
Aug 10, 2026 7:29:38 PM io.gapi.emulators.netty.HttpVersionRoutingHandler channelRead
INFO: Detected non-HTTP/2 connection.
Aug 10, 2026 7:29:38 PM io.gapi.emulators.netty.HttpVersionRoutingHandler channelRead
INFO: Detected non-HTTP/2 connection.
Aug 10, 2026 7:30:56 PM io.gapi.emulators.netty.HttpVersionRoutingHandler channelRead
INFO: Detected non-HTTP/2 connection.
Aug 10, 2026 7:30:56 PM io.gapi.emulators.netty.HttpVersionRoutingHandler channelRead
INFO: Detected non-HTTP/2 connection.
Aug 10, 2026 7:32:02 PM io.gapi.emulators.netty.HttpVersionRoutingHandler channelRead
INFO: Detected non-HTTP/2 connection.
Aug 10, 2026 7:32:02 PM io.gapi.emulators.netty.HttpVersionRoutingHandler channelRead
INFO: Detected non-HTTP/2 connection.
Aug 10, 2026 7:33:19 PM io.gapi.emulators.netty.HttpVersionRoutingHandler channelRead
INFO: Detected non-HTTP/2 connection.
Aug 10, 2026 7:33:19 PM io.gapi.emulators.netty.HttpVersionRoutingHandler channelRead
INFO: Detected non-HTTP/2 connection.
Aug 10, 2026 7:34:25 PM io.gapi.emulators.netty.HttpVersionRoutingHandler channelRead
INFO: Detected non-HTTP/2 connection.
Aug 10, 2026 7:34:25 PM io.gapi.emulators.netty.HttpVersionRoutingHandler channelRead
INFO: Detected non-HTTP/2 connection.
Aug 10, 2026 7:35:31 PM io.gapi.emulators.netty.HttpVersionRoutingHandler channelRead
INFO: Detected non-HTTP/2 connection.
Aug 10, 2026 7:35:31 PM io.gapi.emulators.netty.HttpVersionRoutingHandler channelRead
INFO: Detected non-HTTP/2 connection.
Aug 10, 2026 7:36:49 PM io.gapi.emulators.netty.HttpVersionRoutingHandler channelRead
INFO: Detected non-HTTP/2 connection.
Aug 10, 2026 7:36:49 PM io.gapi.emulators.netty.HttpVersionRoutingHandler channelRead
INFO: Detected non-HTTP/2 connection.
Aug 10, 2026 7:37:54 PM io.gapi.emulators.netty.HttpVersionRoutingHandler channelRead
INFO: Detected non-HTTP/2 connection.
Aug 10, 2026 7:37:54 PM io.gapi.emulators.netty.HttpVersionRoutingHandler channelRead
INFO: Detected non-HTTP/2 connection.
Aug 10, 2026 7:39:00 PM io.gapi.emulators.netty.HttpVersionRoutingHandler channelRead
INFO: Detected non-HTTP/2 connection.
Aug 10, 2026 7:39:00 PM io.gapi.emulators.netty.HttpVersionRoutingHandler channelRead
INFO: Detected non-HTTP/2 connection.
Aug 10, 2026 7:39:45 PM io.gapi.emulators.netty.HttpVersionRoutingHandler channelRead
INFO: Detected non-HTTP/2 connection.
Aug 10, 2026 7:39:45 PM io.gapi.emulators.netty.HttpVersionRoutingHandler channelRead
INFO: Detected non-HTTP/2 connection.
Aug 10, 2026 7:40:51 PM io.gapi.emulators.netty.HttpVersionRoutingHandler channelRead
INFO: Detected non-HTTP/2 connection.
Aug 10, 2026 7:40:51 PM io.gapi.emulators.netty.HttpVersionRoutingHandler channelRead
INFO: Detected non-HTTP/2 connection.
Aug 10, 2026 7:42:06 PM io.gapi.emulators.netty.HttpVersionRoutingHandler channelRead
INFO: Detected non-HTTP/2 connection.
Aug 10, 2026 7:42:06 PM io.gapi.emulators.netty.HttpVersionRoutingHandler channelRead
INFO: Detected non-HTTP/2 connection.
Aug 10, 2026 7:43:25 PM io.gapi.emulators.netty.HttpVersionRoutingHandler channelRead
INFO: Detected non-HTTP/2 connection.
Aug 10, 2026 7:43:25 PM io.gapi.emulators.netty.HttpVersionRoutingHandler channelRead
INFO: Detected non-HTTP/2 connection.
Aug 10, 2026 7:44:31 PM io.gapi.emulators.netty.HttpVersionRoutingHandler channelRead
INFO: Detected non-HTTP/2 connection.
Aug 10, 2026 7:44:31 PM io.gapi.emulators.netty.HttpVersionRoutingHandler channelRead
INFO: Detected non-HTTP/2 connection.
Aug 10, 2026 7:45:49 PM io.gapi.emulators.netty.HttpVersionRoutingHandler channelRead
INFO: Detected non-HTTP/2 connection.
Aug 10, 2026 7:45:49 PM io.gapi.emulators.netty.HttpVersionRoutingHandler channelRead
INFO: Detected non-HTTP/2 connection.
Aug 10, 2026 7:46:54 PM io.gapi.emulators.netty.HttpVersionRoutingHandler channelRead
INFO: Detected non-HTTP/2 connection.
Aug 10, 2026 7:46:54 PM io.gapi.emulators.netty.HttpVersionRoutingHandler channelRead
INFO: Detected non-HTTP/2 connection.
Aug 10, 2026 7:48:00 PM io.gapi.emulators.netty.HttpVersionRoutingHandler channelRead
INFO: Detected non-HTTP/2 connection.
Aug 10, 2026 7:48:00 PM io.gapi.emulators.netty.HttpVersionRoutingHandler channelRead
INFO: Detected non-HTTP/2 connection.
Aug 10, 2026 7:48:11 PM io.gapi.emulators.netty.HttpVersionRoutingHandler channelRead
INFO: Detected non-HTTP/2 connection.
Aug 10, 2026 7:48:11 PM io.gapi.emulators.netty.HttpVersionRoutingHandler channelRead
INFO: Detected non-HTTP/2 connection.
Aug 10, 2026 7:48:11 PM io.gapi.emulators.netty.HttpVersionRoutingHandler channelRead
INFO: Detected non-HTTP/2 connection.
Aug 10, 2026 7:48:12 PM com.google.cloud.datastore.emulator.firestore.webchannel.FirestoreV1WebChannelAdapter$FirestoreListenHandler onClose
INFO: channel closed
Aug 10, 2026 7:48:12 PM com.google.cloud.datastore.emulator.firestore.webchannel.FirestoreV1WebChannelAdapter$FirestoreListenHandler onClose
INFO: channel closed
Aug 10, 2026 7:48:13 PM io.gapi.emulators.netty.HttpVersionRoutingHandler channelRead
INFO: Detected non-HTTP/2 connection.
Aug 10, 2026 7:48:13 PM io.gapi.emulators.netty.HttpVersionRoutingHandler channelRead
INFO: Detected non-HTTP/2 connection.
Aug 10, 2026 7:48:13 PM io.gapi.emulators.netty.HttpVersionRoutingHandler channelRead
INFO: Detected non-HTTP/2 connection.
Aug 10, 2026 7:48:14 PM io.gapi.emulators.netty.HttpVersionRoutingHandler channelRead
INFO: Detected non-HTTP/2 connection.
Aug 10, 2026 7:48:33 PM io.gapi.emulators.netty.HttpVersionRoutingHandler channelRead
INFO: Detected non-HTTP/2 connection.
Aug 10, 2026 7:48:33 PM io.gapi.emulators.netty.HttpVersionRoutingHandler channelRead
INFO: Detected non-HTTP/2 connection.
Aug 10, 2026 7:48:33 PM io.gapi.emulators.netty.HttpVersionRoutingHandler channelRead
INFO: Detected non-HTTP/2 connection.
Aug 10, 2026 7:48:33 PM io.gapi.emulators.netty.HttpVersionRoutingHandler channelRead
INFO: Detected non-HTTP/2 connection.
Aug 10, 2026 7:48:33 PM com.google.cloud.datastore.emulator.firestore.webchannel.FirestoreV1WebChannelAdapter$FirestoreListenHandler onClose
INFO: channel closed
Aug 10, 2026 7:48:33 PM com.google.cloud.datastore.emulator.firestore.webchannel.FirestoreV1WebChannelAdapter$FirestoreListenHandler onClose
INFO: channel closed
Aug 10, 2026 7:48:33 PM io.gapi.emulators.netty.HttpVersionRoutingHandler channelRead
INFO: Detected non-HTTP/2 connection.
Aug 10, 2026 7:48:33 PM io.gapi.emulators.netty.HttpVersionRoutingHandler channelRead
INFO: Detected non-HTTP/2 connection.
Aug 10, 2026 7:49:14 PM io.gapi.emulators.netty.HttpVersionRoutingHandler channelRead
INFO: Detected non-HTTP/2 connection.
Aug 10, 2026 7:49:14 PM io.gapi.emulators.netty.HttpVersionRoutingHandler channelRead
INFO: Detected non-HTTP/2 connection.
Aug 10, 2026 7:49:14 PM io.gapi.emulators.netty.HttpVersionRoutingHandler channelRead
INFO: Detected non-HTTP/2 connection.
Aug 10, 2026 7:49:14 PM io.gapi.emulators.netty.HttpVersionRoutingHandler channelRead
INFO: Detected non-HTTP/2 connection.
Aug 10, 2026 7:49:14 PM com.google.cloud.datastore.emulator.firestore.webchannel.FirestoreV1WebChannelAdapter$FirestoreListenHandler onClose
INFO: channel closed
Aug 10, 2026 7:49:14 PM com.google.cloud.datastore.emulator.firestore.webchannel.FirestoreV1WebChannelAdapter$FirestoreListenHandler onClose
INFO: channel closed
Aug 10, 2026 7:49:14 PM io.gapi.emulators.netty.HttpVersionRoutingHandler channelRead
INFO: Detected non-HTTP/2 connection.
Aug 10, 2026 7:49:15 PM io.gapi.emulators.netty.HttpVersionRoutingHandler channelRead
INFO: Detected non-HTTP/2 connection.
Aug 10, 2026 7:49:23 PM io.gapi.emulators.netty.HttpVersionRoutingHandler channelRead
INFO: Detected non-HTTP/2 connection.
Aug 10, 2026 7:49:23 PM io.gapi.emulators.netty.HttpVersionRoutingHandler channelRead
INFO: Detected non-HTTP/2 connection.
Aug 10, 2026 7:49:23 PM io.gapi.emulators.netty.HttpVersionRoutingHandler channelRead
INFO: Detected non-HTTP/2 connection.
Aug 10, 2026 7:49:23 PM io.gapi.emulators.netty.HttpVersionRoutingHandler channelRead
INFO: Detected non-HTTP/2 connection.
Aug 10, 2026 7:49:23 PM com.google.cloud.datastore.emulator.firestore.webchannel.FirestoreV1WebChannelAdapter$FirestoreListenHandler onClose
INFO: channel closed
Aug 10, 2026 7:49:23 PM com.google.cloud.datastore.emulator.firestore.webchannel.FirestoreV1WebChannelAdapter$FirestoreListenHandler onClose
INFO: channel closed
Aug 10, 2026 7:49:23 PM io.gapi.emulators.netty.HttpVersionRoutingHandler channelRead
INFO: Detected non-HTTP/2 connection.
Aug 10, 2026 7:49:23 PM io.gapi.emulators.netty.HttpVersionRoutingHandler channelRead
INFO: Detected non-HTTP/2 connection.
Aug 10, 2026 7:50:09 PM io.gapi.emulators.netty.HttpVersionRoutingHandler channelRead
INFO: Detected non-HTTP/2 connection.
Aug 10, 2026 7:50:09 PM io.gapi.emulators.netty.HttpVersionRoutingHandler channelRead
INFO: Detected non-HTTP/2 connection.
Aug 10, 2026 7:50:55 PM io.gapi.emulators.netty.HttpVersionRoutingHandler channelRead
INFO: Detected non-HTTP/2 connection.
Aug 10, 2026 7:50:55 PM io.gapi.emulators.netty.HttpVersionRoutingHandler channelRead
INFO: Detected non-HTTP/2 connection.
Aug 10, 2026 7:51:41 PM io.gapi.emulators.netty.HttpVersionRoutingHandler channelRead
INFO: Detected non-HTTP/2 connection.
Aug 10, 2026 7:52:11 PM io.gapi.emulators.netty.HttpVersionRoutingHandler channelRead
INFO: Detected non-HTTP/2 connection.
Aug 10, 2026 7:52:27 PM io.gapi.emulators.netty.HttpVersionRoutingHandler channelRead
INFO: Detected non-HTTP/2 connection.
Aug 10, 2026 7:52:57 PM io.gapi.emulators.netty.HttpVersionRoutingHandler channelRead
INFO: Detected non-HTTP/2 connection.
Aug 10, 2026 7:53:13 PM io.gapi.emulators.netty.HttpVersionRoutingHandler channelRead
INFO: Detected non-HTTP/2 connection.
Aug 10, 2026 7:53:43 PM io.gapi.emulators.netty.HttpVersionRoutingHandler channelRead
INFO: Detected non-HTTP/2 connection.
Aug 10, 2026 7:53:59 PM io.gapi.emulators.netty.HttpVersionRoutingHandler channelRead
INFO: Detected non-HTTP/2 connection.
Aug 10, 2026 7:54:29 PM io.gapi.emulators.netty.HttpVersionRoutingHandler channelRead
INFO: Detected non-HTTP/2 connection.
Aug 10, 2026 7:54:45 PM io.gapi.emulators.netty.HttpVersionRoutingHandler channelRead
INFO: Detected non-HTTP/2 connection.
Aug 10, 2026 7:55:29 PM io.gapi.emulators.netty.HttpVersionRoutingHandler channelRead
INFO: Detected non-HTTP/2 connection.
Aug 10, 2026 7:55:31 PM io.gapi.emulators.netty.HttpVersionRoutingHandler channelRead
INFO: Detected non-HTTP/2 connection.
Aug 10, 2026 7:56:15 PM io.gapi.emulators.netty.HttpVersionRoutingHandler channelRead
INFO: Detected non-HTTP/2 connection.
Aug 10, 2026 7:56:17 PM io.gapi.emulators.netty.HttpVersionRoutingHandler channelRead
INFO: Detected non-HTTP/2 connection.
Aug 10, 2026 7:57:01 PM io.gapi.emulators.netty.HttpVersionRoutingHandler channelRead
INFO: Detected non-HTTP/2 connection.
Aug 10, 2026 7:57:03 PM io.gapi.emulators.netty.HttpVersionRoutingHandler channelRead
INFO: Detected non-HTTP/2 connection.
Aug 10, 2026 7:57:47 PM io.gapi.emulators.netty.HttpVersionRoutingHandler channelRead
INFO: Detected non-HTTP/2 connection.
Aug 10, 2026 7:57:49 PM io.gapi.emulators.netty.HttpVersionRoutingHandler channelRead
INFO: Detected non-HTTP/2 connection.
Aug 10, 2026 7:57:51 PM com.google.cloud.datastore.emulator.firestore.websocket.WebSocketChannelHandler channelClosed
INFO: Websocket client disconnected
Aug 10, 2026 8:55:29 PM io.gapi.emulators.netty.HttpVersionRoutingHandler channelRead
INFO: Detected non-HTTP/2 connection.
Aug 10, 2026 8:55:29 PM com.google.cloud.datastore.emulator.firestore.websocket.WebSocketChannelHandler initChannel
INFO: Connected to new websocket client
Aug 10, 2026 8:55:42 PM io.gapi.emulators.netty.HttpVersionRoutingHandler channelRead
INFO: Detected non-HTTP/2 connection.
Aug 10, 2026 8:55:42 PM io.gapi.emulators.netty.HttpVersionRoutingHandler channelRead
INFO: Detected non-HTTP/2 connection.
Aug 10, 2026 8:55:42 PM io.gapi.emulators.netty.HttpVersionRoutingHandler channelRead
INFO: Detected non-HTTP/2 connection.
Aug 10, 2026 8:55:42 PM com.google.cloud.datastore.emulator.firestore.webchannel.FirestoreV1WebChannelAdapter$FirestoreListenHandler onClose
INFO: channel closed
Aug 10, 2026 8:55:42 PM com.google.cloud.datastore.emulator.firestore.webchannel.FirestoreV1WebChannelAdapter$FirestoreListenHandler onClose
INFO: channel closed
Aug 10, 2026 8:55:43 PM io.gapi.emulators.netty.HttpVersionRoutingHandler channelRead
INFO: Detected non-HTTP/2 connection.
Aug 10, 2026 8:55:43 PM io.gapi.emulators.netty.HttpVersionRoutingHandler channelRead
INFO: Detected non-HTTP/2 connection.
Aug 10, 2026 8:55:43 PM io.gapi.emulators.netty.HttpVersionRoutingHandler channelRead
INFO: Detected non-HTTP/2 connection.
Aug 10, 2026 8:56:11 PM io.gapi.emulators.netty.HttpVersionRoutingHandler channelRead
INFO: Detected non-HTTP/2 connection.
Aug 10, 2026 8:56:12 PM io.gapi.emulators.netty.HttpVersionRoutingHandler channelRead
INFO: Detected non-HTTP/2 connection.
Aug 10, 2026 8:56:12 PM com.google.cloud.datastore.emulator.firestore.webchannel.FirestoreV1WebChannelAdapter$FirestoreListenHandler onClose
INFO: channel closed
Aug 10, 2026 8:56:12 PM io.gapi.emulators.netty.HttpVersionRoutingHandler channelRead
INFO: Detected non-HTTP/2 connection.
Aug 10, 2026 8:56:12 PM com.google.cloud.datastore.emulator.firestore.webchannel.FirestoreV1WebChannelAdapter$FirestoreListenHandler onClose
INFO: channel closed
Aug 10, 2026 8:56:15 PM io.gapi.emulators.netty.HttpVersionRoutingHandler channelRead
INFO: Detected non-HTTP/2 connection.
Aug 10, 2026 8:56:15 PM io.gapi.emulators.netty.HttpVersionRoutingHandler channelRead
INFO: Detected non-HTTP/2 connection.
Aug 10, 2026 8:56:15 PM io.gapi.emulators.netty.HttpVersionRoutingHandler channelRead
INFO: Detected non-HTTP/2 connection.
Aug 10, 2026 8:57:01 PM io.gapi.emulators.netty.HttpVersionRoutingHandler channelRead
INFO: Detected non-HTTP/2 connection.
Aug 10, 2026 8:57:01 PM io.gapi.emulators.netty.HttpVersionRoutingHandler channelRead
INFO: Detected non-HTTP/2 connection.
Aug 10, 2026 8:57:47 PM io.gapi.emulators.netty.HttpVersionRoutingHandler channelRead
INFO: Detected non-HTTP/2 connection.
Aug 10, 2026 8:57:47 PM io.gapi.emulators.netty.HttpVersionRoutingHandler channelRead
INFO: Detected non-HTTP/2 connection.
Aug 10, 2026 8:58:20 PM io.gapi.emulators.netty.HttpVersionRoutingHandler channelRead
INFO: Detected non-HTTP/2 connection.
Aug 10, 2026 8:58:26 PM io.gapi.emulators.netty.HttpVersionRoutingHandler channelRead
INFO: Detected non-HTTP/2 connection.
Aug 10, 2026 8:58:27 PM io.gapi.emulators.netty.HttpVersionRoutingHandler channelRead
INFO: Detected non-HTTP/2 connection.
Aug 10, 2026 8:58:27 PM io.gapi.emulators.netty.HttpVersionRoutingHandler channelRead
INFO: Detected non-HTTP/2 connection.
Aug 10, 2026 8:58:27 PM io.gapi.emulators.netty.HttpVersionRoutingHandler channelRead
INFO: Detected non-HTTP/2 connection.
Aug 10, 2026 8:58:31 PM io.gapi.emulators.netty.HttpVersionRoutingHandler channelRead
INFO: Detected non-HTTP/2 connection.
Aug 10, 2026 8:58:31 PM io.gapi.emulators.netty.HttpVersionRoutingHandler channelRead
INFO: Detected non-HTTP/2 connection.
Aug 10, 2026 8:58:31 PM io.gapi.emulators.netty.HttpVersionRoutingHandler channelRead
INFO: Detected non-HTTP/2 connection.
Aug 10, 2026 8:58:31 PM io.gapi.emulators.netty.HttpVersionRoutingHandler channelRead
INFO: Detected non-HTTP/2 connection.
Aug 10, 2026 8:58:32 PM io.gapi.emulators.netty.HttpVersionRoutingHandler channelRead
INFO: Detected non-HTTP/2 connection.
Aug 10, 2026 8:58:33 PM io.gapi.emulators.netty.HttpVersionRoutingHandler channelRead
INFO: Detected non-HTTP/2 connection.
Aug 10, 2026 8:58:35 PM io.gapi.emulators.netty.HttpVersionRoutingHandler channelRead
INFO: Detected non-HTTP/2 connection.
Aug 10, 2026 8:58:36 PM io.gapi.emulators.netty.HttpVersionRoutingHandler channelRead
INFO: Detected non-HTTP/2 connection.
Aug 10, 2026 8:58:36 PM io.gapi.emulators.netty.HttpVersionRoutingHandler channelRead
INFO: Detected non-HTTP/2 connection.
Aug 10, 2026 8:58:36 PM io.gapi.emulators.netty.HttpVersionRoutingHandler channelRead
INFO: Detected non-HTTP/2 connection.
Aug 10, 2026 8:58:37 PM io.gapi.emulators.netty.HttpVersionRoutingHandler channelRead
INFO: Detected non-HTTP/2 connection.
Aug 10, 2026 8:58:37 PM io.gapi.emulators.netty.HttpVersionRoutingHandler channelRead
INFO: Detected non-HTTP/2 connection.
Aug 10, 2026 8:58:37 PM io.gapi.emulators.netty.HttpVersionRoutingHandler channelRead
INFO: Detected non-HTTP/2 connection.
Aug 10, 2026 8:58:37 PM io.gapi.emulators.netty.HttpVersionRoutingHandler channelRead
INFO: Detected non-HTTP/2 connection.
Aug 10, 2026 8:58:38 PM io.gapi.emulators.netty.HttpVersionRoutingHandler channelRead
INFO: Detected non-HTTP/2 connection.
Aug 10, 2026 8:58:38 PM io.gapi.emulators.netty.HttpVersionRoutingHandler channelRead
INFO: Detected non-HTTP/2 connection.
Aug 10, 2026 8:58:38 PM io.gapi.emulators.netty.HttpVersionRoutingHandler channelRead
INFO: Detected non-HTTP/2 connection.
Aug 10, 2026 8:58:38 PM io.gapi.emulators.netty.HttpVersionRoutingHandler channelRead
INFO: Detected non-HTTP/2 connection.
Aug 10, 2026 8:58:38 PM io.gapi.emulators.netty.HttpVersionRoutingHandler channelRead
INFO: Detected non-HTTP/2 connection.
Aug 10, 2026 8:58:38 PM io.gapi.emulators.netty.HttpVersionRoutingHandler channelRead
INFO: Detected non-HTTP/2 connection.
Aug 10, 2026 8:58:39 PM io.gapi.emulators.netty.HttpVersionRoutingHandler channelRead
INFO: Detected non-HTTP/2 connection.
Aug 10, 2026 8:58:39 PM io.gapi.emulators.netty.HttpVersionRoutingHandler channelRead
INFO: Detected non-HTTP/2 connection.
Aug 10, 2026 8:58:39 PM io.gapi.emulators.netty.HttpVersionRoutingHandler channelRead
INFO: Detected non-HTTP/2 connection.
Aug 10, 2026 8:58:40 PM io.gapi.emulators.netty.HttpVersionRoutingHandler channelRead
INFO: Detected non-HTTP/2 connection.
Aug 10, 2026 8:59:18 PM io.gapi.emulators.netty.HttpVersionRoutingHandler channelRead
INFO: Detected non-HTTP/2 connection.
Aug 10, 2026 8:59:19 PM io.gapi.emulators.netty.HttpVersionRoutingHandler channelRead
INFO: Detected non-HTTP/2 connection.
Aug 10, 2026 8:59:26 PM io.gapi.emulators.netty.HttpVersionRoutingHandler channelRead
INFO: Detected non-HTTP/2 connection.
Aug 10, 2026 8:59:33 PM io.gapi.emulators.netty.HttpVersionRoutingHandler channelRead
INFO: Detected non-HTTP/2 connection.
Aug 10, 2026 8:59:33 PM com.google.cloud.datastore.emulator.firestore.webchannel.FirestoreV1WebChannelAdapter$FirestoreWriteHandler onClose
INFO: channel closed
Aug 10, 2026 9:00:05 PM io.gapi.emulators.netty.HttpVersionRoutingHandler channelRead
INFO: Detected non-HTTP/2 connection.
Aug 10, 2026 9:00:12 PM io.gapi.emulators.netty.HttpVersionRoutingHandler channelRead
INFO: Detected non-HTTP/2 connection.
Aug 10, 2026 9:00:51 PM io.gapi.emulators.netty.HttpVersionRoutingHandler channelRead
INFO: Detected non-HTTP/2 connection.
Aug 10, 2026 9:00:58 PM io.gapi.emulators.netty.HttpVersionRoutingHandler channelRead
INFO: Detected non-HTTP/2 connection.
Aug 10, 2026 9:01:37 PM io.gapi.emulators.netty.HttpVersionRoutingHandler channelRead
INFO: Detected non-HTTP/2 connection.
Aug 10, 2026 9:01:44 PM io.gapi.emulators.netty.HttpVersionRoutingHandler channelRead
INFO: Detected non-HTTP/2 connection.
Aug 10, 2026 9:02:23 PM io.gapi.emulators.netty.HttpVersionRoutingHandler channelRead
INFO: Detected non-HTTP/2 connection.
Aug 10, 2026 9:02:30 PM io.gapi.emulators.netty.HttpVersionRoutingHandler channelRead
INFO: Detected non-HTTP/2 connection.
Aug 10, 2026 9:03:12 PM io.gapi.emulators.netty.HttpVersionRoutingHandler channelRead
INFO: Detected non-HTTP/2 connection.
Aug 10, 2026 9:03:49 PM io.gapi.emulators.netty.HttpVersionRoutingHandler channelRead
INFO: Detected non-HTTP/2 connection.
Aug 10, 2026 9:04:28 PM io.gapi.emulators.netty.HttpVersionRoutingHandler channelRead
INFO: Detected non-HTTP/2 connection.
Aug 10, 2026 9:04:34 PM io.gapi.emulators.netty.HttpVersionRoutingHandler channelRead
INFO: Detected non-HTTP/2 connection.
Aug 10, 2026 9:05:14 PM io.gapi.emulators.netty.HttpVersionRoutingHandler channelRead
INFO: Detected non-HTTP/2 connection.
Aug 10, 2026 9:05:19 PM io.gapi.emulators.netty.HttpVersionRoutingHandler channelRead
INFO: Detected non-HTTP/2 connection.
Aug 10, 2026 9:05:20 PM io.gapi.emulators.netty.HttpVersionRoutingHandler channelRead
INFO: Detected non-HTTP/2 connection.
Aug 10, 2026 9:05:20 PM io.gapi.emulators.netty.HttpVersionRoutingHandler channelRead
INFO: Detected non-HTTP/2 connection.
Aug 10, 2026 9:05:20 PM io.gapi.emulators.netty.HttpVersionRoutingHandler channelRead
INFO: Detected non-HTTP/2 connection.
Aug 10, 2026 9:05:20 PM io.gapi.emulators.netty.HttpVersionRoutingHandler channelRead
INFO: Detected non-HTTP/2 connection.
Aug 10, 2026 9:05:20 PM io.gapi.emulators.netty.HttpVersionRoutingHandler channelRead
INFO: Detected non-HTTP/2 connection.
Aug 10, 2026 9:05:20 PM io.gapi.emulators.netty.HttpVersionRoutingHandler channelRead
INFO: Detected non-HTTP/2 connection.
Aug 10, 2026 9:05:20 PM io.gapi.emulators.netty.HttpVersionRoutingHandler channelRead
INFO: Detected non-HTTP/2 connection.
Aug 10, 2026 9:05:20 PM io.gapi.emulators.netty.HttpVersionRoutingHandler channelRead
INFO: Detected non-HTTP/2 connection.
Aug 10, 2026 9:05:20 PM io.gapi.emulators.netty.HttpVersionRoutingHandler channelRead
INFO: Detected non-HTTP/2 connection.
Aug 10, 2026 9:05:20 PM io.gapi.emulators.netty.HttpVersionRoutingHandler channelRead
INFO: Detected non-HTTP/2 connection.
Aug 10, 2026 9:05:21 PM io.gapi.emulators.netty.HttpVersionRoutingHandler channelRead
INFO: Detected non-HTTP/2 connection.
Aug 10, 2026 9:05:21 PM io.gapi.emulators.netty.HttpVersionRoutingHandler channelRead
INFO: Detected non-HTTP/2 connection.
Aug 10, 2026 9:05:21 PM io.gapi.emulators.netty.HttpVersionRoutingHandler channelRead
INFO: Detected non-HTTP/2 connection.
Aug 10, 2026 9:05:21 PM io.gapi.emulators.netty.HttpVersionRoutingHandler channelRead
INFO: Detected non-HTTP/2 connection.
Aug 10, 2026 9:05:22 PM io.gapi.emulators.netty.HttpVersionRoutingHandler channelRead
INFO: Detected non-HTTP/2 connection.
Aug 10, 2026 9:05:22 PM io.gapi.emulators.netty.HttpVersionRoutingHandler channelRead
INFO: Detected non-HTTP/2 connection.
Aug 10, 2026 9:05:22 PM io.gapi.emulators.netty.HttpVersionRoutingHandler channelRead
INFO: Detected non-HTTP/2 connection.
Aug 10, 2026 9:05:22 PM io.gapi.emulators.netty.HttpVersionRoutingHandler channelRead
INFO: Detected non-HTTP/2 connection.
Aug 10, 2026 9:05:22 PM io.gapi.emulators.netty.HttpVersionRoutingHandler channelRead
INFO: Detected non-HTTP/2 connection.
Aug 10, 2026 9:05:59 PM io.gapi.emulators.netty.HttpVersionRoutingHandler channelRead
INFO: Detected non-HTTP/2 connection.
Aug 10, 2026 9:06:19 PM io.gapi.emulators.netty.HttpVersionRoutingHandler channelRead
INFO: Detected non-HTTP/2 connection.
Aug 10, 2026 9:06:19 PM com.google.cloud.datastore.emulator.firestore.webchannel.FirestoreV1WebChannelAdapter$FirestoreWriteHandler onClose
INFO: channel closed
Aug 10, 2026 9:06:27 PM io.gapi.emulators.netty.HttpVersionRoutingHandler channelRead
INFO: Detected non-HTTP/2 connection.
Aug 10, 2026 9:07:01 PM io.gapi.emulators.netty.HttpVersionRoutingHandler channelRead
INFO: Detected non-HTTP/2 connection.
Aug 10, 2026 9:07:11 PM io.gapi.emulators.netty.HttpVersionRoutingHandler channelRead
INFO: Detected non-HTTP/2 connection.
Aug 10, 2026 9:07:47 PM io.gapi.emulators.netty.HttpVersionRoutingHandler channelRead
INFO: Detected non-HTTP/2 connection.
Aug 10, 2026 9:08:14 PM io.gapi.emulators.netty.HttpVersionRoutingHandler channelRead
INFO: Detected non-HTTP/2 connection.
Aug 10, 2026 9:08:34 PM io.gapi.emulators.netty.HttpVersionRoutingHandler channelRead
INFO: Detected non-HTTP/2 connection.
Aug 10, 2026 9:09:20 PM io.gapi.emulators.netty.HttpVersionRoutingHandler channelRead
INFO: Detected non-HTTP/2 connection.
Aug 10, 2026 9:09:32 PM io.gapi.emulators.netty.HttpVersionRoutingHandler channelRead
INFO: Detected non-HTTP/2 connection.
Aug 10, 2026 9:10:02 PM io.gapi.emulators.netty.HttpVersionRoutingHandler channelRead
INFO: Detected non-HTTP/2 connection.
Aug 10, 2026 9:10:19 PM io.gapi.emulators.netty.HttpVersionRoutingHandler channelRead
INFO: Detected non-HTTP/2 connection.
Aug 10, 2026 9:11:05 PM io.gapi.emulators.netty.HttpVersionRoutingHandler channelRead
INFO: Detected non-HTTP/2 connection.
Aug 10, 2026 9:11:09 PM io.gapi.emulators.netty.HttpVersionRoutingHandler channelRead
INFO: Detected non-HTTP/2 connection.
Aug 10, 2026 9:11:53 PM io.gapi.emulators.netty.HttpVersionRoutingHandler channelRead
INFO: Detected non-HTTP/2 connection.
Aug 10, 2026 9:12:13 PM io.gapi.emulators.netty.HttpVersionRoutingHandler channelRead
INFO: Detected non-HTTP/2 connection.
Aug 10, 2026 9:12:38 PM io.gapi.emulators.netty.HttpVersionRoutingHandler channelRead
INFO: Detected non-HTTP/2 connection.
Aug 10, 2026 9:13:05 PM io.gapi.emulators.netty.HttpVersionRoutingHandler channelRead
INFO: Detected non-HTTP/2 connection.
Aug 10, 2026 9:13:05 PM io.gapi.emulators.netty.HttpVersionRoutingHandler channelRead
INFO: Detected non-HTTP/2 connection.
Aug 10, 2026 9:13:06 PM io.gapi.emulators.netty.HttpVersionRoutingHandler channelRead
INFO: Detected non-HTTP/2 connection.
Aug 10, 2026 9:13:06 PM io.gapi.emulators.netty.HttpVersionRoutingHandler channelRead
INFO: Detected non-HTTP/2 connection.
Aug 10, 2026 9:13:06 PM io.gapi.emulators.netty.HttpVersionRoutingHandler channelRead
INFO: Detected non-HTTP/2 connection.
Aug 10, 2026 9:13:06 PM io.gapi.emulators.netty.HttpVersionRoutingHandler channelRead
INFO: Detected non-HTTP/2 connection.
Aug 10, 2026 9:13:06 PM io.gapi.emulators.netty.HttpVersionRoutingHandler channelRead
INFO: Detected non-HTTP/2 connection.
Aug 10, 2026 9:13:06 PM io.gapi.emulators.netty.HttpVersionRoutingHandler channelRead
INFO: Detected non-HTTP/2 connection.
Aug 10, 2026 9:13:07 PM io.gapi.emulators.netty.HttpVersionRoutingHandler channelRead
INFO: Detected non-HTTP/2 connection.
Aug 10, 2026 9:13:07 PM io.gapi.emulators.netty.HttpVersionRoutingHandler channelRead
INFO: Detected non-HTTP/2 connection.
Aug 10, 2026 9:13:07 PM io.gapi.emulators.netty.HttpVersionRoutingHandler channelRead
INFO: Detected non-HTTP/2 connection.
Aug 10, 2026 9:13:07 PM io.gapi.emulators.netty.HttpVersionRoutingHandler channelRead
INFO: Detected non-HTTP/2 connection.
Aug 10, 2026 9:13:07 PM io.gapi.emulators.netty.HttpVersionRoutingHandler channelRead
INFO: Detected non-HTTP/2 connection.
Aug 10, 2026 9:13:08 PM io.gapi.emulators.netty.HttpVersionRoutingHandler channelRead
INFO: Detected non-HTTP/2 connection.
Aug 10, 2026 9:13:08 PM io.gapi.emulators.netty.HttpVersionRoutingHandler channelRead
INFO: Detected non-HTTP/2 connection.
Aug 10, 2026 9:13:08 PM io.gapi.emulators.netty.HttpVersionRoutingHandler channelRead
INFO: Detected non-HTTP/2 connection.
Aug 10, 2026 9:13:09 PM io.gapi.emulators.netty.HttpVersionRoutingHandler channelRead
INFO: Detected non-HTTP/2 connection.
Aug 10, 2026 9:13:26 PM io.gapi.emulators.netty.HttpVersionRoutingHandler channelRead
INFO: Detected non-HTTP/2 connection.
Aug 10, 2026 9:13:42 PM io.gapi.emulators.netty.HttpVersionRoutingHandler channelRead
INFO: Detected non-HTTP/2 connection.
Aug 10, 2026 9:13:42 PM io.gapi.emulators.netty.HttpVersionRoutingHandler channelRead
INFO: Detected non-HTTP/2 connection.
Aug 10, 2026 9:13:42 PM io.gapi.emulators.netty.HttpVersionRoutingHandler channelRead
INFO: Detected non-HTTP/2 connection.
Aug 10, 2026 9:13:42 PM io.gapi.emulators.netty.HttpVersionRoutingHandler channelRead
INFO: Detected non-HTTP/2 connection.
Aug 10, 2026 9:13:42 PM io.gapi.emulators.netty.HttpVersionRoutingHandler channelRead
INFO: Detected non-HTTP/2 connection.
Aug 10, 2026 9:13:42 PM io.gapi.emulators.netty.HttpVersionRoutingHandler channelRead
INFO: Detected non-HTTP/2 connection.
Aug 10, 2026 9:14:27 PM io.gapi.emulators.netty.HttpVersionRoutingHandler channelRead
INFO: Detected non-HTTP/2 connection.
Aug 10, 2026 9:14:32 PM io.gapi.emulators.netty.HttpVersionRoutingHandler channelRead
INFO: Detected non-HTTP/2 connection.
Aug 10, 2026 9:14:59 PM io.gapi.emulators.netty.HttpVersionRoutingHandler channelRead
INFO: Detected non-HTTP/2 connection.
Aug 10, 2026 9:14:59 PM io.gapi.emulators.netty.HttpVersionRoutingHandler channelRead
INFO: Detected non-HTTP/2 connection.
Aug 10, 2026 9:14:59 PM io.gapi.emulators.netty.HttpVersionRoutingHandler channelRead
INFO: Detected non-HTTP/2 connection.
Aug 10, 2026 9:15:00 PM io.gapi.emulators.netty.HttpVersionRoutingHandler channelRead
INFO: Detected non-HTTP/2 connection.
Aug 10, 2026 9:15:00 PM io.gapi.emulators.netty.HttpVersionRoutingHandler channelRead
INFO: Detected non-HTTP/2 connection.
Aug 10, 2026 9:15:00 PM io.gapi.emulators.netty.HttpVersionRoutingHandler channelRead
INFO: Detected non-HTTP/2 connection.
Aug 10, 2026 9:15:00 PM io.gapi.emulators.netty.HttpVersionRoutingHandler channelRead
INFO: Detected non-HTTP/2 connection.
Aug 10, 2026 9:15:33 PM io.gapi.emulators.netty.HttpVersionRoutingHandler channelRead
INFO: Detected non-HTTP/2 connection.
Aug 10, 2026 9:15:33 PM io.gapi.emulators.netty.HttpVersionRoutingHandler channelRead
INFO: Detected non-HTTP/2 connection.
Aug 10, 2026 9:16:47 PM io.gapi.emulators.netty.HttpVersionRoutingHandler channelRead
INFO: Detected non-HTTP/2 connection.
Aug 10, 2026 9:16:47 PM io.gapi.emulators.netty.HttpVersionRoutingHandler channelRead
INFO: Detected non-HTTP/2 connection.
Aug 10, 2026 9:17:58 PM io.gapi.emulators.netty.HttpVersionRoutingHandler channelRead
INFO: Detected non-HTTP/2 connection.
Aug 10, 2026 9:17:58 PM io.gapi.emulators.netty.HttpVersionRoutingHandler channelRead
INFO: Detected non-HTTP/2 connection.
Aug 10, 2026 9:19:17 PM io.gapi.emulators.netty.HttpVersionRoutingHandler channelRead
INFO: Detected non-HTTP/2 connection.
Aug 10, 2026 9:19:17 PM io.gapi.emulators.netty.HttpVersionRoutingHandler channelRead
INFO: Detected non-HTTP/2 connection.
Aug 10, 2026 9:20:00 PM io.gapi.emulators.netty.HttpVersionRoutingHandler channelRead
INFO: Detected non-HTTP/2 connection.
Aug 10, 2026 9:20:00 PM io.gapi.emulators.netty.HttpVersionRoutingHandler channelRead
INFO: Detected non-HTTP/2 connection.
Aug 10, 2026 9:21:05 PM io.gapi.emulators.netty.HttpVersionRoutingHandler channelRead
INFO: Detected non-HTTP/2 connection.
Aug 10, 2026 9:21:05 PM io.gapi.emulators.netty.HttpVersionRoutingHandler channelRead
INFO: Detected non-HTTP/2 connection.
Aug 10, 2026 9:22:12 PM io.gapi.emulators.netty.HttpVersionRoutingHandler channelRead
INFO: Detected non-HTTP/2 connection.
Aug 10, 2026 9:22:12 PM io.gapi.emulators.netty.HttpVersionRoutingHandler channelRead
INFO: Detected non-HTTP/2 connection.
Aug 10, 2026 9:23:29 PM io.gapi.emulators.netty.HttpVersionRoutingHandler channelRead
INFO: Detected non-HTTP/2 connection.
Aug 10, 2026 9:23:29 PM io.gapi.emulators.netty.HttpVersionRoutingHandler channelRead
INFO: Detected non-HTTP/2 connection.
Aug 10, 2026 9:24:35 PM io.gapi.emulators.netty.HttpVersionRoutingHandler channelRead
INFO: Detected non-HTTP/2 connection.
Aug 10, 2026 9:24:35 PM io.gapi.emulators.netty.HttpVersionRoutingHandler channelRead
INFO: Detected non-HTTP/2 connection.
Aug 10, 2026 9:25:38 PM io.gapi.emulators.netty.HttpVersionRoutingHandler channelRead
INFO: Detected non-HTTP/2 connection.
Aug 10, 2026 9:25:38 PM io.gapi.emulators.netty.HttpVersionRoutingHandler channelRead
INFO: Detected non-HTTP/2 connection.
Aug 10, 2026 9:26:56 PM io.gapi.emulators.netty.HttpVersionRoutingHandler channelRead
INFO: Detected non-HTTP/2 connection.
Aug 10, 2026 9:26:56 PM io.gapi.emulators.netty.HttpVersionRoutingHandler channelRead
INFO: Detected non-HTTP/2 connection.
Aug 10, 2026 9:27:26 PM io.gapi.emulators.netty.HttpVersionRoutingHandler channelRead
INFO: Detected non-HTTP/2 connection.
Aug 10, 2026 9:27:26 PM io.gapi.emulators.netty.HttpVersionRoutingHandler channelRead
INFO: Detected non-HTTP/2 connection.
Aug 10, 2026 9:27:26 PM io.gapi.emulators.netty.HttpVersionRoutingHandler channelRead
INFO: Detected non-HTTP/2 connection.
Aug 10, 2026 9:27:26 PM io.gapi.emulators.netty.HttpVersionRoutingHandler channelRead
INFO: Detected non-HTTP/2 connection.
Aug 10, 2026 9:27:26 PM io.gapi.emulators.netty.HttpVersionRoutingHandler channelRead
INFO: Detected non-HTTP/2 connection.
Aug 10, 2026 9:27:27 PM io.gapi.emulators.netty.HttpVersionRoutingHandler channelRead
INFO: Detected non-HTTP/2 connection.
Aug 10, 2026 9:27:27 PM io.gapi.emulators.netty.HttpVersionRoutingHandler channelRead
INFO: Detected non-HTTP/2 connection.
Aug 10, 2026 9:27:59 PM io.gapi.emulators.netty.HttpVersionRoutingHandler channelRead
INFO: Detected non-HTTP/2 connection.
Aug 10, 2026 9:28:14 PM io.gapi.emulators.netty.HttpVersionRoutingHandler channelRead
INFO: Detected non-HTTP/2 connection.
Aug 10, 2026 9:28:59 PM io.gapi.emulators.netty.HttpVersionRoutingHandler channelRead
INFO: Detected non-HTTP/2 connection.
Aug 10, 2026 9:29:18 PM io.gapi.emulators.netty.HttpVersionRoutingHandler channelRead
INFO: Detected non-HTTP/2 connection.
Aug 10, 2026 9:30:17 PM io.gapi.emulators.netty.HttpVersionRoutingHandler channelRead
INFO: Detected non-HTTP/2 connection.
Aug 10, 2026 9:30:33 PM io.gapi.emulators.netty.HttpVersionRoutingHandler channelRead
INFO: Detected non-HTTP/2 connection.
Aug 10, 2026 9:31:21 PM io.gapi.emulators.netty.HttpVersionRoutingHandler channelRead
INFO: Detected non-HTTP/2 connection.
Aug 10, 2026 9:31:23 PM io.gapi.emulators.netty.HttpVersionRoutingHandler channelRead
INFO: Detected non-HTTP/2 connection.
Aug 10, 2026 9:32:28 PM io.gapi.emulators.netty.HttpVersionRoutingHandler channelRead
INFO: Detected non-HTTP/2 connection.
Aug 10, 2026 9:32:28 PM io.gapi.emulators.netty.HttpVersionRoutingHandler channelRead
INFO: Detected non-HTTP/2 connection.
Aug 10, 2026 9:32:39 PM io.gapi.emulators.netty.HttpVersionRoutingHandler channelRead
INFO: Detected non-HTTP/2 connection.
Aug 10, 2026 9:32:39 PM io.gapi.emulators.netty.HttpVersionRoutingHandler channelRead
INFO: Detected non-HTTP/2 connection.
Aug 10, 2026 9:32:39 PM io.gapi.emulators.netty.HttpVersionRoutingHandler channelRead
INFO: Detected non-HTTP/2 connection.
Aug 10, 2026 9:32:39 PM io.gapi.emulators.netty.HttpVersionRoutingHandler channelRead
INFO: Detected non-HTTP/2 connection.
Aug 10, 2026 9:32:40 PM io.gapi.emulators.netty.HttpVersionRoutingHandler channelRead
INFO: Detected non-HTTP/2 connection.
Aug 10, 2026 9:32:40 PM io.gapi.emulators.netty.HttpVersionRoutingHandler channelRead
INFO: Detected non-HTTP/2 connection.
Aug 10, 2026 9:33:43 PM io.gapi.emulators.netty.HttpVersionRoutingHandler channelRead
INFO: Detected non-HTTP/2 connection.
Aug 10, 2026 9:33:46 PM io.gapi.emulators.netty.HttpVersionRoutingHandler channelRead
INFO: Detected non-HTTP/2 connection.
Aug 10, 2026 9:34:25 PM io.gapi.emulators.netty.HttpVersionRoutingHandler channelRead
INFO: Detected non-HTTP/2 connection.
Aug 10, 2026 9:34:29 PM io.gapi.emulators.netty.HttpVersionRoutingHandler channelRead
INFO: Detected non-HTTP/2 connection.
Aug 10, 2026 9:35:42 PM io.gapi.emulators.netty.HttpVersionRoutingHandler channelRead
INFO: Detected non-HTTP/2 connection.
Aug 10, 2026 9:35:42 PM io.gapi.emulators.netty.HttpVersionRoutingHandler channelRead
INFO: Detected non-HTTP/2 connection.
Aug 10, 2026 9:36:48 PM io.gapi.emulators.netty.HttpVersionRoutingHandler channelRead
INFO: Detected non-HTTP/2 connection.
Aug 10, 2026 9:36:48 PM io.gapi.emulators.netty.HttpVersionRoutingHandler channelRead
INFO: Detected non-HTTP/2 connection.
Aug 10, 2026 9:38:05 PM io.gapi.emulators.netty.HttpVersionRoutingHandler channelRead
INFO: Detected non-HTTP/2 connection.
Aug 10, 2026 9:38:05 PM io.gapi.emulators.netty.HttpVersionRoutingHandler channelRead
INFO: Detected non-HTTP/2 connection.
Aug 10, 2026 9:39:10 PM io.gapi.emulators.netty.HttpVersionRoutingHandler channelRead
INFO: Detected non-HTTP/2 connection.
Aug 10, 2026 9:39:10 PM io.gapi.emulators.netty.HttpVersionRoutingHandler channelRead
INFO: Detected non-HTTP/2 connection.
Aug 10, 2026 9:40:16 PM io.gapi.emulators.netty.HttpVersionRoutingHandler channelRead
INFO: Detected non-HTTP/2 connection.
Aug 10, 2026 9:40:16 PM io.gapi.emulators.netty.HttpVersionRoutingHandler channelRead
INFO: Detected non-HTTP/2 connection.
Aug 10, 2026 9:41:01 PM io.gapi.emulators.netty.HttpVersionRoutingHandler channelRead
INFO: Detected non-HTTP/2 connection.
Aug 10, 2026 9:41:02 PM io.gapi.emulators.netty.HttpVersionRoutingHandler channelRead
INFO: Detected non-HTTP/2 connection.
Aug 10, 2026 9:42:07 PM io.gapi.emulators.netty.HttpVersionRoutingHandler channelRead
INFO: Detected non-HTTP/2 connection.
Aug 10, 2026 9:42:07 PM io.gapi.emulators.netty.HttpVersionRoutingHandler channelRead
INFO: Detected non-HTTP/2 connection.
Aug 10, 2026 9:43:24 PM io.gapi.emulators.netty.HttpVersionRoutingHandler channelRead
INFO: Detected non-HTTP/2 connection.
Aug 10, 2026 9:43:24 PM io.gapi.emulators.netty.HttpVersionRoutingHandler channelRead
INFO: Detected non-HTTP/2 connection.
Aug 10, 2026 9:44:31 PM io.gapi.emulators.netty.HttpVersionRoutingHandler channelRead
INFO: Detected non-HTTP/2 connection.
Aug 10, 2026 9:44:31 PM io.gapi.emulators.netty.HttpVersionRoutingHandler channelRead
INFO: Detected non-HTTP/2 connection.
Aug 10, 2026 9:45:36 PM io.gapi.emulators.netty.HttpVersionRoutingHandler channelRead
INFO: Detected non-HTTP/2 connection.
Aug 10, 2026 9:45:36 PM io.gapi.emulators.netty.HttpVersionRoutingHandler channelRead
INFO: Detected non-HTTP/2 connection.
Aug 10, 2026 9:46:21 PM io.gapi.emulators.netty.HttpVersionRoutingHandler channelRead
INFO: Detected non-HTTP/2 connection.
Aug 10, 2026 9:46:22 PM io.gapi.emulators.netty.HttpVersionRoutingHandler channelRead
INFO: Detected non-HTTP/2 connection.
Aug 10, 2026 9:47:27 PM io.gapi.emulators.netty.HttpVersionRoutingHandler channelRead
INFO: Detected non-HTTP/2 connection.
Aug 10, 2026 9:47:27 PM io.gapi.emulators.netty.HttpVersionRoutingHandler channelRead
INFO: Detected non-HTTP/2 connection.
Aug 10, 2026 9:48:33 PM io.gapi.emulators.netty.HttpVersionRoutingHandler channelRead
INFO: Detected non-HTTP/2 connection.
Aug 10, 2026 9:48:33 PM io.gapi.emulators.netty.HttpVersionRoutingHandler channelRead
INFO: Detected non-HTTP/2 connection.
Aug 10, 2026 9:49:18 PM io.gapi.emulators.netty.HttpVersionRoutingHandler channelRead
INFO: Detected non-HTTP/2 connection.
Aug 10, 2026 9:49:18 PM io.gapi.emulators.netty.HttpVersionRoutingHandler channelRead
INFO: Detected non-HTTP/2 connection.
Aug 10, 2026 9:50:23 PM io.gapi.emulators.netty.HttpVersionRoutingHandler channelRead
INFO: Detected non-HTTP/2 connection.
Aug 10, 2026 9:50:24 PM io.gapi.emulators.netty.HttpVersionRoutingHandler channelRead
INFO: Detected non-HTTP/2 connection.
Aug 10, 2026 9:51:29 PM io.gapi.emulators.netty.HttpVersionRoutingHandler channelRead
INFO: Detected non-HTTP/2 connection.
Aug 10, 2026 9:51:29 PM io.gapi.emulators.netty.HttpVersionRoutingHandler channelRead
INFO: Detected non-HTTP/2 connection.
Aug 10, 2026 9:52:14 PM io.gapi.emulators.netty.HttpVersionRoutingHandler channelRead
INFO: Detected non-HTTP/2 connection.
Aug 10, 2026 9:52:14 PM io.gapi.emulators.netty.HttpVersionRoutingHandler channelRead
INFO: Detected non-HTTP/2 connection.
Aug 10, 2026 9:53:20 PM io.gapi.emulators.netty.HttpVersionRoutingHandler channelRead
INFO: Detected non-HTTP/2 connection.
Aug 10, 2026 9:53:20 PM io.gapi.emulators.netty.HttpVersionRoutingHandler channelRead
INFO: Detected non-HTTP/2 connection.
Aug 10, 2026 9:53:28 PM io.gapi.emulators.netty.HttpVersionRoutingHandler channelRead
INFO: Detected non-HTTP/2 connection.
Aug 10, 2026 9:53:28 PM io.gapi.emulators.netty.HttpVersionRoutingHandler channelRead
INFO: Detected non-HTTP/2 connection.
Aug 10, 2026 9:53:28 PM com.google.cloud.datastore.emulator.firestore.webchannel.FirestoreV1WebChannelAdapter$FirestoreListenHandler onClose
INFO: channel closed
Aug 10, 2026 9:53:28 PM io.gapi.emulators.netty.HttpVersionRoutingHandler channelRead
INFO: Detected non-HTTP/2 connection.
Aug 10, 2026 9:54:13 PM io.gapi.emulators.netty.HttpVersionRoutingHandler channelRead
INFO: Detected non-HTTP/2 connection.
Aug 10, 2026 9:54:37 PM io.gapi.emulators.netty.HttpVersionRoutingHandler channelRead
INFO: Detected non-HTTP/2 connection.
Aug 10, 2026 9:55:30 PM io.gapi.emulators.netty.HttpVersionRoutingHandler channelRead
INFO: Detected non-HTTP/2 connection.
Aug 10, 2026 9:55:43 PM io.gapi.emulators.netty.HttpVersionRoutingHandler channelRead
INFO: Detected non-HTTP/2 connection.
Aug 10, 2026 9:56:14 PM io.gapi.emulators.netty.HttpVersionRoutingHandler channelRead
INFO: Detected non-HTTP/2 connection.
Aug 10, 2026 9:56:25 PM io.gapi.emulators.netty.HttpVersionRoutingHandler channelRead
INFO: Detected non-HTTP/2 connection.
Aug 10, 2026 9:57:01 PM io.gapi.emulators.netty.HttpVersionRoutingHandler channelRead
INFO: Detected non-HTTP/2 connection.
Aug 10, 2026 9:57:12 PM io.gapi.emulators.netty.HttpVersionRoutingHandler channelRead
INFO: Detected non-HTTP/2 connection.
Aug 10, 2026 9:57:47 PM io.gapi.emulators.netty.HttpVersionRoutingHandler channelRead
INFO: Detected non-HTTP/2 connection.
Aug 10, 2026 9:57:58 PM io.gapi.emulators.netty.HttpVersionRoutingHandler channelRead
INFO: Detected non-HTTP/2 connection.
Aug 10, 2026 9:58:48 PM io.gapi.emulators.netty.HttpVersionRoutingHandler channelRead
INFO: Detected non-HTTP/2 connection.
Aug 10, 2026 9:58:51 PM io.gapi.emulators.netty.HttpVersionRoutingHandler channelRead
INFO: Detected non-HTTP/2 connection.
Aug 10, 2026 9:59:32 PM io.gapi.emulators.netty.HttpVersionRoutingHandler channelRead
INFO: Detected non-HTTP/2 connection.
Aug 10, 2026 9:59:35 PM io.gapi.emulators.netty.HttpVersionRoutingHandler channelRead
INFO: Detected non-HTTP/2 connection.
Aug 10, 2026 10:00:20 PM io.gapi.emulators.netty.HttpVersionRoutingHandler channelRead
INFO: Detected non-HTTP/2 connection.
Aug 10, 2026 10:00:48 PM io.gapi.emulators.netty.HttpVersionRoutingHandler channelRead
INFO: Detected non-HTTP/2 connection.
Aug 10, 2026 10:01:05 PM io.gapi.emulators.netty.HttpVersionRoutingHandler channelRead
INFO: Detected non-HTTP/2 connection.
Aug 10, 2026 10:01:52 PM io.gapi.emulators.netty.HttpVersionRoutingHandler channelRead
INFO: Detected non-HTTP/2 connection.
Aug 10, 2026 10:02:07 PM io.gapi.emulators.netty.HttpVersionRoutingHandler channelRead
INFO: Detected non-HTTP/2 connection.
Aug 10, 2026 10:02:50 PM io.gapi.emulators.netty.HttpVersionRoutingHandler channelRead
INFO: Detected non-HTTP/2 connection.
Aug 10, 2026 10:03:09 PM io.gapi.emulators.netty.HttpVersionRoutingHandler channelRead
INFO: Detected non-HTTP/2 connection.
Aug 10, 2026 10:03:36 PM io.gapi.emulators.netty.HttpVersionRoutingHandler channelRead
INFO: Detected non-HTTP/2 connection.
Aug 10, 2026 10:03:55 PM io.gapi.emulators.netty.HttpVersionRoutingHandler channelRead
INFO: Detected non-HTTP/2 connection.
Aug 10, 2026 10:04:22 PM io.gapi.emulators.netty.HttpVersionRoutingHandler channelRead
INFO: Detected non-HTTP/2 connection.
Aug 10, 2026 10:04:41 PM io.gapi.emulators.netty.HttpVersionRoutingHandler channelRead
INFO: Detected non-HTTP/2 connection.
Aug 10, 2026 10:05:08 PM io.gapi.emulators.netty.HttpVersionRoutingHandler channelRead
INFO: Detected non-HTTP/2 connection.
Aug 10, 2026 10:05:27 PM io.gapi.emulators.netty.HttpVersionRoutingHandler channelRead
INFO: Detected non-HTTP/2 connection.
Aug 10, 2026 10:05:30 PM io.gapi.emulators.netty.HttpVersionRoutingHandler channelRead
INFO: Detected non-HTTP/2 connection.
Aug 10, 2026 10:05:30 PM com.google.cloud.datastore.emulator.firestore.webchannel.FirestoreV1WebChannelAdapter$FirestoreListenHandler onClose
INFO: channel closed
Aug 10, 2026 10:05:30 PM io.gapi.emulators.netty.HttpVersionRoutingHandler channelRead
INFO: Detected non-HTTP/2 connection.
Aug 10, 2026 10:05:30 PM io.gapi.emulators.netty.HttpVersionRoutingHandler channelRead
INFO: Detected non-HTTP/2 connection.
Aug 10, 2026 10:05:30 PM com.google.cloud.datastore.emulator.firestore.webchannel.FirestoreV1WebChannelAdapter$FirestoreListenHandler onClose
INFO: channel closed
Aug 10, 2026 10:05:30 PM io.gapi.emulators.netty.HttpVersionRoutingHandler channelRead
INFO: Detected non-HTTP/2 connection.
Aug 10, 2026 10:05:30 PM io.gapi.emulators.netty.HttpVersionRoutingHandler channelRead
INFO: Detected non-HTTP/2 connection.
Aug 10, 2026 10:05:31 PM io.gapi.emulators.netty.HttpVersionRoutingHandler channelRead
INFO: Detected non-HTTP/2 connection.
Aug 10, 2026 10:06:16 PM io.gapi.emulators.netty.HttpVersionRoutingHandler channelRead
INFO: Detected non-HTTP/2 connection.
Aug 10, 2026 10:06:47 PM io.gapi.emulators.netty.HttpVersionRoutingHandler channelRead
INFO: Detected non-HTTP/2 connection.
Aug 10, 2026 10:06:47 PM io.gapi.emulators.netty.HttpVersionRoutingHandler channelRead
INFO: Detected non-HTTP/2 connection.
Aug 10, 2026 10:06:47 PM io.gapi.emulators.netty.HttpVersionRoutingHandler channelRead
INFO: Detected non-HTTP/2 connection.
Aug 10, 2026 10:06:47 PM io.gapi.emulators.netty.HttpVersionRoutingHandler channelRead
INFO: Detected non-HTTP/2 connection.
Aug 10, 2026 10:06:47 PM com.google.cloud.datastore.emulator.firestore.webchannel.FirestoreV1WebChannelAdapter$FirestoreListenHandler onClose
INFO: channel closed
Aug 10, 2026 10:06:47 PM com.google.cloud.datastore.emulator.firestore.webchannel.FirestoreV1WebChannelAdapter$FirestoreListenHandler onClose
INFO: channel closed
Aug 10, 2026 10:06:47 PM io.gapi.emulators.netty.HttpVersionRoutingHandler channelRead
INFO: Detected non-HTTP/2 connection.
Aug 10, 2026 10:06:49 PM io.gapi.emulators.netty.HttpVersionRoutingHandler channelRead
INFO: Detected non-HTTP/2 connection.
Aug 10, 2026 10:07:05 PM io.gapi.emulators.netty.HttpVersionRoutingHandler channelRead
INFO: Detected non-HTTP/2 connection.
Aug 10, 2026 10:07:05 PM io.gapi.emulators.netty.HttpVersionRoutingHandler channelRead
INFO: Detected non-HTTP/2 connection.
Aug 10, 2026 10:07:05 PM io.gapi.emulators.netty.HttpVersionRoutingHandler channelRead
INFO: Detected non-HTTP/2 connection.
Aug 10, 2026 10:07:05 PM io.gapi.emulators.netty.HttpVersionRoutingHandler channelRead
INFO: Detected non-HTTP/2 connection.
Aug 10, 2026 10:07:05 PM com.google.cloud.datastore.emulator.firestore.webchannel.FirestoreV1WebChannelAdapter$FirestoreListenHandler onClose
INFO: channel closed
Aug 10, 2026 10:07:05 PM com.google.cloud.datastore.emulator.firestore.webchannel.FirestoreV1WebChannelAdapter$FirestoreListenHandler onClose
INFO: channel closed
Aug 10, 2026 10:07:06 PM io.gapi.emulators.netty.HttpVersionRoutingHandler channelRead
INFO: Detected non-HTTP/2 connection.
Aug 10, 2026 10:07:06 PM io.gapi.emulators.netty.HttpVersionRoutingHandler channelRead
INFO: Detected non-HTTP/2 connection.
Aug 10, 2026 10:07:52 PM io.gapi.emulators.netty.HttpVersionRoutingHandler channelRead
INFO: Detected non-HTTP/2 connection.
Aug 10, 2026 10:07:52 PM io.gapi.emulators.netty.HttpVersionRoutingHandler channelRead
INFO: Detected non-HTTP/2 connection.
Aug 10, 2026 10:08:38 PM io.gapi.emulators.netty.HttpVersionRoutingHandler channelRead
INFO: Detected non-HTTP/2 connection.
Aug 10, 2026 10:08:38 PM io.gapi.emulators.netty.HttpVersionRoutingHandler channelRead
INFO: Detected non-HTTP/2 connection.
Aug 10, 2026 10:09:18 PM io.gapi.emulators.netty.HttpVersionRoutingHandler channelRead
INFO: Detected non-HTTP/2 connection.
Aug 10, 2026 10:09:18 PM io.gapi.emulators.netty.HttpVersionRoutingHandler channelRead
INFO: Detected non-HTTP/2 connection.
Aug 10, 2026 10:09:24 PM io.gapi.emulators.netty.HttpVersionRoutingHandler channelRead
INFO: Detected non-HTTP/2 connection.
Aug 10, 2026 10:09:33 PM io.gapi.emulators.netty.HttpVersionRoutingHandler channelRead
INFO: Detected non-HTTP/2 connection.
Aug 10, 2026 10:09:33 PM io.gapi.emulators.netty.HttpVersionRoutingHandler channelRead
INFO: Detected non-HTTP/2 connection.
Aug 10, 2026 10:09:33 PM io.gapi.emulators.netty.HttpVersionRoutingHandler channelRead
INFO: Detected non-HTTP/2 connection.
Aug 10, 2026 10:10:10 PM io.gapi.emulators.netty.HttpVersionRoutingHandler channelRead
INFO: Detected non-HTTP/2 connection.
Aug 10, 2026 10:10:18 PM io.gapi.emulators.netty.HttpVersionRoutingHandler channelRead
INFO: Detected non-HTTP/2 connection.
Aug 10, 2026 10:10:43 PM com.google.cloud.datastore.emulator.firestore.websocket.WebSocketChannelHandler initChannel
INFO: Connected to new websocket client
Aug 10, 2026 10:10:53 PM io.gapi.emulators.netty.HttpVersionRoutingHandler channelRead
INFO: Detected non-HTTP/2 connection.
Aug 10, 2026 10:10:53 PM io.gapi.emulators.netty.HttpVersionRoutingHandler channelRead
INFO: Detected HTTP/2 connection.
Aug 10, 2026 10:10:54 PM io.gapi.emulators.netty.HttpVersionRoutingHandler channelRead
INFO: Detected non-HTTP/2 connection.
Aug 10, 2026 10:10:54 PM io.gapi.emulators.netty.HttpVersionRoutingHandler channelRead
INFO: Detected non-HTTP/2 connection.
Aug 10, 2026 10:10:54 PM io.gapi.emulators.netty.HttpVersionRoutingHandler channelRead
INFO: Detected non-HTTP/2 connection.
Aug 10, 2026 10:10:56 PM io.gapi.emulators.netty.HttpVersionRoutingHandler channelRead
INFO: Detected non-HTTP/2 connection.
Aug 10, 2026 10:10:56 PM io.gapi.emulators.netty.HttpVersionRoutingHandler channelRead
INFO: Detected non-HTTP/2 connection.
Aug 10, 2026 10:10:56 PM io.gapi.emulators.netty.HttpVersionRoutingHandler channelRead
INFO: Detected non-HTTP/2 connection.
Aug 10, 2026 10:11:04 PM io.gapi.emulators.netty.HttpVersionRoutingHandler channelRead
INFO: Detected non-HTTP/2 connection.
Aug 10, 2026 10:11:08 PM io.gapi.emulators.netty.HttpVersionRoutingHandler channelRead
INFO: Detected non-HTTP/2 connection.
Aug 10, 2026 10:11:08 PM io.gapi.emulators.netty.HttpVersionRoutingHandler channelRead
INFO: Detected non-HTTP/2 connection.
Aug 10, 2026 10:11:08 PM io.gapi.emulators.netty.HttpVersionRoutingHandler channelRead
INFO: Detected non-HTTP/2 connection.
Aug 10, 2026 10:11:13 PM io.gapi.emulators.netty.HttpVersionRoutingHandler channelRead
INFO: Detected non-HTTP/2 connection.
Aug 10, 2026 10:11:13 PM io.gapi.emulators.netty.HttpVersionRoutingHandler channelRead
INFO: Detected non-HTTP/2 connection.
Aug 10, 2026 10:11:13 PM io.gapi.emulators.netty.HttpVersionRoutingHandler channelRead
INFO: Detected non-HTTP/2 connection.
Aug 10, 2026 10:11:13 PM io.gapi.emulators.netty.HttpVersionRoutingHandler channelRead
INFO: Detected non-HTTP/2 connection.
Aug 10, 2026 10:11:13 PM io.gapi.emulators.netty.HttpVersionRoutingHandler channelRead
INFO: Detected non-HTTP/2 connection.
Aug 10, 2026 10:11:14 PM io.gapi.emulators.netty.HttpVersionRoutingHandler channelRead
INFO: Detected non-HTTP/2 connection.
Aug 10, 2026 10:11:14 PM io.gapi.emulators.netty.HttpVersionRoutingHandler channelRead
INFO: Detected non-HTTP/2 connection.
Aug 10, 2026 10:11:16 PM io.gapi.emulators.netty.HttpVersionRoutingHandler channelRead
INFO: Detected non-HTTP/2 connection.
Aug 10, 2026 10:11:16 PM io.gapi.emulators.netty.HttpVersionRoutingHandler channelRead
INFO: Detected non-HTTP/2 connection.
Aug 10, 2026 10:11:16 PM io.gapi.emulators.netty.HttpVersionRoutingHandler channelRead
INFO: Detected non-HTTP/2 connection.
Aug 10, 2026 10:11:26 PM io.gapi.emulators.netty.HttpVersionRoutingHandler channelRead
INFO: Detected non-HTTP/2 connection.
Aug 10, 2026 10:11:27 PM io.gapi.emulators.netty.HttpVersionRoutingHandler channelRead
INFO: Detected non-HTTP/2 connection.
Aug 10, 2026 10:11:27 PM io.gapi.emulators.netty.HttpVersionRoutingHandler channelRead
INFO: Detected non-HTTP/2 connection.
Aug 10, 2026 10:11:27 PM io.gapi.emulators.netty.HttpVersionRoutingHandler channelRead
INFO: Detected non-HTTP/2 connection.
Aug 10, 2026 10:11:27 PM io.gapi.emulators.netty.HttpVersionRoutingHandler channelRead
INFO: Detected non-HTTP/2 connection.
Aug 10, 2026 10:11:32 PM io.gapi.emulators.netty.HttpVersionRoutingHandler channelRead
INFO: Detected non-HTTP/2 connection.
Aug 10, 2026 10:11:32 PM io.gapi.emulators.netty.HttpVersionRoutingHandler channelRead
INFO: Detected non-HTTP/2 connection.
Aug 10, 2026 10:11:32 PM io.gapi.emulators.netty.HttpVersionRoutingHandler channelRead
INFO: Detected non-HTTP/2 connection.
Aug 10, 2026 10:11:32 PM io.gapi.emulators.netty.HttpVersionRoutingHandler channelRead
INFO: Detected non-HTTP/2 connection.
Aug 10, 2026 10:11:32 PM io.gapi.emulators.netty.HttpVersionRoutingHandler channelRead
INFO: Detected non-HTTP/2 connection.
Aug 10, 2026 10:11:35 PM io.gapi.emulators.netty.HttpVersionRoutingHandler channelRead
INFO: Detected non-HTTP/2 connection.
Aug 10, 2026 10:11:35 PM io.gapi.emulators.netty.HttpVersionRoutingHandler channelRead
INFO: Detected non-HTTP/2 connection.
Aug 10, 2026 10:11:35 PM io.gapi.emulators.netty.HttpVersionRoutingHandler channelRead
INFO: Detected non-HTTP/2 connection.
Aug 10, 2026 10:11:50 PM io.gapi.emulators.netty.HttpVersionRoutingHandler channelRead
INFO: Detected non-HTTP/2 connection.
Aug 10, 2026 10:11:50 PM io.gapi.emulators.netty.HttpVersionRoutingHandler channelRead
INFO: Detected non-HTTP/2 connection.
Aug 10, 2026 10:11:50 PM io.gapi.emulators.netty.HttpVersionRoutingHandler channelRead
INFO: Detected non-HTTP/2 connection.
Aug 10, 2026 10:11:50 PM io.gapi.emulators.netty.HttpVersionRoutingHandler channelRead
INFO: Detected non-HTTP/2 connection.
Aug 10, 2026 10:11:50 PM io.gapi.emulators.netty.HttpVersionRoutingHandler channelRead
INFO: Detected non-HTTP/2 connection.
Aug 10, 2026 10:11:54 PM io.gapi.emulators.netty.HttpVersionRoutingHandler channelRead
INFO: Detected non-HTTP/2 connection.
Aug 10, 2026 10:11:54 PM io.gapi.emulators.netty.HttpVersionRoutingHandler channelRead
INFO: Detected non-HTTP/2 connection.
Aug 10, 2026 10:11:54 PM io.gapi.emulators.netty.HttpVersionRoutingHandler channelRead
INFO: Detected non-HTTP/2 connection.
Aug 10, 2026 10:11:55 PM io.gapi.emulators.netty.HttpVersionRoutingHandler channelRead
INFO: Detected non-HTTP/2 connection.
Aug 10, 2026 10:11:55 PM io.gapi.emulators.netty.HttpVersionRoutingHandler channelRead
INFO: Detected non-HTTP/2 connection.
Aug 10, 2026 10:11:55 PM io.gapi.emulators.netty.HttpVersionRoutingHandler channelRead
INFO: Detected non-HTTP/2 connection.
Aug 10, 2026 10:11:55 PM io.gapi.emulators.netty.HttpVersionRoutingHandler channelRead
INFO: Detected non-HTTP/2 connection.
Aug 10, 2026 10:11:55 PM io.gapi.emulators.netty.HttpVersionRoutingHandler channelRead
INFO: Detected non-HTTP/2 connection.
Aug 10, 2026 10:11:55 PM io.gapi.emulators.netty.HttpVersionRoutingHandler channelRead
INFO: Detected non-HTTP/2 connection.
Aug 10, 2026 10:11:55 PM io.gapi.emulators.netty.HttpVersionRoutingHandler channelRead
INFO: Detected non-HTTP/2 connection.
Aug 10, 2026 10:12:09 PM io.gapi.emulators.netty.HttpVersionRoutingHandler channelRead
INFO: Detected non-HTTP/2 connection.
Aug 10, 2026 10:12:09 PM com.google.cloud.datastore.emulator.firestore.webchannel.FirestoreV1WebChannelAdapter$FirestoreWriteHandler onClose
INFO: channel closed
Aug 10, 2026 10:12:18 PM io.gapi.emulators.netty.HttpVersionRoutingHandler channelRead
INFO: Detected non-HTTP/2 connection.
Aug 10, 2026 10:12:19 PM io.gapi.emulators.netty.HttpVersionRoutingHandler channelRead
INFO: Detected non-HTTP/2 connection.
Aug 10, 2026 10:12:19 PM io.gapi.emulators.netty.HttpVersionRoutingHandler channelRead
INFO: Detected non-HTTP/2 connection.
Aug 10, 2026 10:12:19 PM io.gapi.emulators.netty.HttpVersionRoutingHandler channelRead
INFO: Detected non-HTTP/2 connection.
Aug 10, 2026 10:12:19 PM io.gapi.emulators.netty.HttpVersionRoutingHandler channelRead
INFO: Detected non-HTTP/2 connection.
Aug 10, 2026 10:12:19 PM io.gapi.emulators.netty.HttpVersionRoutingHandler channelRead
INFO: Detected non-HTTP/2 connection.
Aug 10, 2026 10:12:19 PM io.gapi.emulators.netty.HttpVersionRoutingHandler channelRead
INFO: Detected non-HTTP/2 connection.
Aug 10, 2026 10:12:25 PM io.gapi.emulators.netty.HttpVersionRoutingHandler channelRead
INFO: Detected non-HTTP/2 connection.
Aug 10, 2026 10:12:25 PM io.gapi.emulators.netty.HttpVersionRoutingHandler channelRead
INFO: Detected non-HTTP/2 connection.
Aug 10, 2026 10:12:25 PM io.gapi.emulators.netty.HttpVersionRoutingHandler channelRead
INFO: Detected non-HTTP/2 connection.
Aug 10, 2026 10:12:25 PM io.gapi.emulators.netty.HttpVersionRoutingHandler channelRead
INFO: Detected non-HTTP/2 connection.
Aug 10, 2026 10:12:28 PM io.gapi.emulators.netty.HttpVersionRoutingHandler channelRead
INFO: Detected non-HTTP/2 connection.
Aug 10, 2026 10:12:28 PM io.gapi.emulators.netty.HttpVersionRoutingHandler channelRead
INFO: Detected non-HTTP/2 connection.
Aug 10, 2026 10:12:28 PM io.gapi.emulators.netty.HttpVersionRoutingHandler channelRead
INFO: Detected non-HTTP/2 connection.
Aug 10, 2026 10:12:33 PM io.gapi.emulators.netty.HttpVersionRoutingHandler channelRead
INFO: Detected non-HTTP/2 connection.
Aug 10, 2026 10:12:33 PM io.gapi.emulators.netty.HttpVersionRoutingHandler channelRead
INFO: Detected non-HTTP/2 connection.
Aug 10, 2026 10:12:33 PM io.gapi.emulators.netty.HttpVersionRoutingHandler channelRead
INFO: Detected non-HTTP/2 connection.
Aug 10, 2026 10:12:33 PM io.gapi.emulators.netty.HttpVersionRoutingHandler channelRead
INFO: Detected non-HTTP/2 connection.
Aug 10, 2026 10:12:33 PM io.gapi.emulators.netty.HttpVersionRoutingHandler channelRead
INFO: Detected non-HTTP/2 connection.
Aug 10, 2026 10:12:33 PM io.gapi.emulators.netty.HttpVersionRoutingHandler channelRead
INFO: Detected non-HTTP/2 connection.
Aug 10, 2026 10:12:40 PM io.gapi.emulators.netty.HttpVersionRoutingHandler channelRead
INFO: Detected non-HTTP/2 connection.
Aug 10, 2026 10:12:40 PM io.gapi.emulators.netty.HttpVersionRoutingHandler channelRead
INFO: Detected non-HTTP/2 connection.
Aug 10, 2026 10:12:44 PM io.gapi.emulators.netty.HttpVersionRoutingHandler channelRead
INFO: Detected non-HTTP/2 connection.
Aug 10, 2026 10:12:44 PM io.gapi.emulators.netty.HttpVersionRoutingHandler channelRead
INFO: Detected non-HTTP/2 connection.
Aug 10, 2026 10:12:44 PM io.gapi.emulators.netty.HttpVersionRoutingHandler channelRead
INFO: Detected non-HTTP/2 connection.
Aug 10, 2026 10:12:44 PM io.gapi.emulators.netty.HttpVersionRoutingHandler channelRead
INFO: Detected non-HTTP/2 connection.
Aug 10, 2026 10:12:50 PM io.gapi.emulators.netty.HttpVersionRoutingHandler channelRead
INFO: Detected non-HTTP/2 connection.
Aug 10, 2026 10:12:50 PM io.gapi.emulators.netty.HttpVersionRoutingHandler channelRead
INFO: Detected non-HTTP/2 connection.
Aug 10, 2026 10:12:50 PM io.gapi.emulators.netty.HttpVersionRoutingHandler channelRead
INFO: Detected non-HTTP/2 connection.
Aug 10, 2026 10:12:51 PM io.gapi.emulators.netty.HttpVersionRoutingHandler channelRead
INFO: Detected non-HTTP/2 connection.
Aug 10, 2026 10:13:04 PM io.gapi.emulators.netty.HttpVersionRoutingHandler channelRead
INFO: Detected non-HTTP/2 connection.
Aug 10, 2026 10:13:04 PM io.gapi.emulators.netty.HttpVersionRoutingHandler channelRead
INFO: Detected non-HTTP/2 connection.
Aug 10, 2026 10:13:04 PM io.gapi.emulators.netty.HttpVersionRoutingHandler channelRead
INFO: Detected non-HTTP/2 connection.
Aug 10, 2026 10:13:04 PM io.gapi.emulators.netty.HttpVersionRoutingHandler channelRead
INFO: Detected non-HTTP/2 connection.
Aug 10, 2026 10:13:04 PM io.gapi.emulators.netty.HttpVersionRoutingHandler channelRead
INFO: Detected non-HTTP/2 connection.
Aug 10, 2026 10:13:04 PM io.gapi.emulators.netty.HttpVersionRoutingHandler channelRead
INFO: Detected non-HTTP/2 connection.
Aug 10, 2026 10:13:04 PM io.gapi.emulators.netty.HttpVersionRoutingHandler channelRead
INFO: Detected non-HTTP/2 connection.
Aug 10, 2026 10:13:05 PM io.gapi.emulators.netty.HttpVersionRoutingHandler channelRead
INFO: Detected non-HTTP/2 connection.
Aug 10, 2026 10:13:05 PM io.gapi.emulators.netty.HttpVersionRoutingHandler channelRead
INFO: Detected non-HTTP/2 connection.
Aug 10, 2026 10:13:05 PM io.gapi.emulators.netty.HttpVersionRoutingHandler channelRead
INFO: Detected non-HTTP/2 connection.
Aug 10, 2026 10:13:05 PM io.gapi.emulators.netty.HttpVersionRoutingHandler channelRead
INFO: Detected non-HTTP/2 connection.
Aug 10, 2026 10:13:10 PM io.gapi.emulators.netty.HttpVersionRoutingHandler channelRead
INFO: Detected non-HTTP/2 connection.
Aug 10, 2026 10:13:10 PM io.gapi.emulators.netty.HttpVersionRoutingHandler channelRead
INFO: Detected non-HTTP/2 connection.
Aug 10, 2026 10:13:10 PM io.gapi.emulators.netty.HttpVersionRoutingHandler channelRead
INFO: Detected non-HTTP/2 connection.
Aug 10, 2026 10:13:10 PM io.gapi.emulators.netty.HttpVersionRoutingHandler channelRead
INFO: Detected non-HTTP/2 connection.
Aug 10, 2026 10:13:10 PM io.gapi.emulators.netty.HttpVersionRoutingHandler channelRead
INFO: Detected non-HTTP/2 connection.
Aug 10, 2026 10:13:10 PM io.gapi.emulators.netty.HttpVersionRoutingHandler channelRead
INFO: Detected non-HTTP/2 connection.
Aug 10, 2026 10:13:10 PM io.gapi.emulators.netty.HttpVersionRoutingHandler channelRead
INFO: Detected non-HTTP/2 connection.
Aug 10, 2026 10:13:24 PM io.gapi.emulators.netty.HttpVersionRoutingHandler channelRead
INFO: Detected non-HTTP/2 connection.
Aug 10, 2026 10:13:24 PM io.gapi.emulators.netty.HttpVersionRoutingHandler channelRead
INFO: Detected non-HTTP/2 connection.
Aug 10, 2026 10:13:24 PM io.gapi.emulators.netty.HttpVersionRoutingHandler channelRead
INFO: Detected non-HTTP/2 connection.
Aug 10, 2026 10:13:24 PM io.gapi.emulators.netty.HttpVersionRoutingHandler channelRead
INFO: Detected non-HTTP/2 connection.
Aug 10, 2026 10:13:25 PM io.gapi.emulators.netty.HttpVersionRoutingHandler channelRead
INFO: Detected non-HTTP/2 connection.
Aug 10, 2026 10:13:25 PM io.gapi.emulators.netty.HttpVersionRoutingHandler channelRead
INFO: Detected non-HTTP/2 connection.
Aug 10, 2026 10:13:25 PM io.gapi.emulators.netty.HttpVersionRoutingHandler channelRead
INFO: Detected non-HTTP/2 connection.
Aug 10, 2026 10:13:25 PM io.gapi.emulators.netty.HttpVersionRoutingHandler channelRead
INFO: Detected non-HTTP/2 connection.
Aug 10, 2026 10:13:25 PM io.gapi.emulators.netty.HttpVersionRoutingHandler channelRead
INFO: Detected non-HTTP/2 connection.
Aug 10, 2026 10:13:25 PM io.gapi.emulators.netty.HttpVersionRoutingHandler channelRead
INFO: Detected non-HTTP/2 connection.
Aug 10, 2026 10:13:25 PM io.gapi.emulators.netty.HttpVersionRoutingHandler channelRead
INFO: Detected non-HTTP/2 connection.
Aug 10, 2026 10:13:26 PM io.gapi.emulators.netty.HttpVersionRoutingHandler channelRead
INFO: Detected non-HTTP/2 connection.
Aug 10, 2026 10:13:26 PM io.gapi.emulators.netty.HttpVersionRoutingHandler channelRead
INFO: Detected non-HTTP/2 connection.
Aug 10, 2026 10:14:07 PM io.gapi.emulators.netty.HttpVersionRoutingHandler channelRead
INFO: Detected non-HTTP/2 connection.
Aug 10, 2026 10:14:07 PM io.gapi.emulators.netty.HttpVersionRoutingHandler channelRead
INFO: Detected non-HTTP/2 connection.
Aug 10, 2026 10:14:07 PM io.gapi.emulators.netty.HttpVersionRoutingHandler channelRead
INFO: Detected non-HTTP/2 connection.
Aug 10, 2026 10:14:07 PM io.gapi.emulators.netty.HttpVersionRoutingHandler channelRead
INFO: Detected non-HTTP/2 connection.
Aug 10, 2026 10:14:07 PM io.gapi.emulators.netty.HttpVersionRoutingHandler channelRead
INFO: Detected non-HTTP/2 connection.
Aug 10, 2026 10:14:07 PM io.gapi.emulators.netty.HttpVersionRoutingHandler channelRead
INFO: Detected non-HTTP/2 connection.
Aug 10, 2026 10:14:15 PM io.gapi.emulators.netty.HttpVersionRoutingHandler channelRead
INFO: Detected non-HTTP/2 connection.
Aug 10, 2026 10:14:15 PM io.gapi.emulators.netty.HttpVersionRoutingHandler channelRead
INFO: Detected non-HTTP/2 connection.
Aug 10, 2026 10:14:52 PM io.gapi.emulators.netty.HttpVersionRoutingHandler channelRead
INFO: Detected non-HTTP/2 connection.
Aug 10, 2026 10:15:10 PM io.gapi.emulators.netty.HttpVersionRoutingHandler channelRead
INFO: Detected non-HTTP/2 connection.
Aug 10, 2026 10:15:10 PM io.gapi.emulators.netty.HttpVersionRoutingHandler channelRead
INFO: Detected non-HTTP/2 connection.
Aug 10, 2026 10:15:12 PM io.gapi.emulators.netty.HttpVersionRoutingHandler channelRead
INFO: Detected non-HTTP/2 connection.
Aug 10, 2026 10:15:12 PM com.google.cloud.datastore.emulator.firestore.webchannel.FirestoreV1WebChannelAdapter$FirestoreListenHandler onClose
INFO: channel closed
Aug 10, 2026 10:15:12 PM io.gapi.emulators.netty.HttpVersionRoutingHandler channelRead
INFO: Detected non-HTTP/2 connection.
Aug 10, 2026 10:15:12 PM io.gapi.emulators.netty.HttpVersionRoutingHandler channelRead
INFO: Detected non-HTTP/2 connection.
Aug 10, 2026 10:15:12 PM io.gapi.emulators.netty.HttpVersionRoutingHandler channelRead
INFO: Detected non-HTTP/2 connection.
Aug 10, 2026 10:15:19 PM io.gapi.emulators.netty.HttpVersionRoutingHandler channelRead
INFO: Detected non-HTTP/2 connection.
Aug 10, 2026 10:15:19 PM io.gapi.emulators.netty.HttpVersionRoutingHandler channelRead
INFO: Detected non-HTTP/2 connection.
Aug 10, 2026 10:15:20 PM io.gapi.emulators.netty.HttpVersionRoutingHandler channelRead
INFO: Detected non-HTTP/2 connection.
Aug 10, 2026 10:15:21 PM io.gapi.emulators.netty.HttpVersionRoutingHandler channelRead
INFO: Detected non-HTTP/2 connection.
Aug 10, 2026 10:15:30 PM io.gapi.emulators.netty.HttpVersionRoutingHandler channelRead
INFO: Detected non-HTTP/2 connection.
Aug 10, 2026 10:15:34 PM io.gapi.emulators.netty.HttpVersionRoutingHandler channelRead
INFO: Detected non-HTTP/2 connection.
Aug 10, 2026 10:15:34 PM io.gapi.emulators.netty.HttpVersionRoutingHandler channelRead
INFO: Detected non-HTTP/2 connection.
Aug 10, 2026 10:15:38 PM io.gapi.emulators.netty.HttpVersionRoutingHandler channelRead
INFO: Detected non-HTTP/2 connection.
Aug 10, 2026 10:15:38 PM io.gapi.emulators.netty.HttpVersionRoutingHandler channelRead
INFO: Detected non-HTTP/2 connection.
Aug 10, 2026 10:15:38 PM io.gapi.emulators.netty.HttpVersionRoutingHandler channelRead
INFO: Detected non-HTTP/2 connection.
Aug 10, 2026 10:15:39 PM io.gapi.emulators.netty.HttpVersionRoutingHandler channelRead
INFO: Detected non-HTTP/2 connection.
Aug 10, 2026 10:15:40 PM io.gapi.emulators.netty.HttpVersionRoutingHandler channelRead
INFO: Detected non-HTTP/2 connection.
Aug 10, 2026 10:15:41 PM io.gapi.emulators.netty.HttpVersionRoutingHandler channelRead
INFO: Detected non-HTTP/2 connection.
Aug 10, 2026 10:15:41 PM io.gapi.emulators.netty.HttpVersionRoutingHandler channelRead
INFO: Detected non-HTTP/2 connection.
Aug 10, 2026 10:15:42 PM io.gapi.emulators.netty.HttpVersionRoutingHandler channelRead
INFO: Detected non-HTTP/2 connection.
Aug 10, 2026 10:15:42 PM io.gapi.emulators.netty.HttpVersionRoutingHandler channelRead
INFO: Detected non-HTTP/2 connection.
Aug 10, 2026 10:15:44 PM io.gapi.emulators.netty.HttpVersionRoutingHandler channelRead
INFO: Detected non-HTTP/2 connection.
Aug 10, 2026 10:15:51 PM io.gapi.emulators.netty.HttpVersionRoutingHandler channelRead
INFO: Detected non-HTTP/2 connection.
Aug 10, 2026 10:15:51 PM io.gapi.emulators.netty.HttpVersionRoutingHandler channelRead
INFO: Detected non-HTTP/2 connection.
Aug 10, 2026 10:15:53 PM io.gapi.emulators.netty.HttpVersionRoutingHandler channelRead
INFO: Detected non-HTTP/2 connection.
Aug 10, 2026 10:16:11 PM io.gapi.emulators.netty.HttpVersionRoutingHandler channelRead
INFO: Detected non-HTTP/2 connection.
Aug 10, 2026 10:16:12 PM io.gapi.emulators.netty.HttpVersionRoutingHandler channelRead
INFO: Detected non-HTTP/2 connection.
Aug 10, 2026 10:16:12 PM io.gapi.emulators.netty.HttpVersionRoutingHandler channelRead
INFO: Detected non-HTTP/2 connection.
Aug 10, 2026 10:16:12 PM io.gapi.emulators.netty.HttpVersionRoutingHandler channelRead
INFO: Detected non-HTTP/2 connection.
Aug 10, 2026 10:16:12 PM io.gapi.emulators.netty.HttpVersionRoutingHandler channelRead
INFO: Detected non-HTTP/2 connection.
Aug 10, 2026 10:16:12 PM io.gapi.emulators.netty.HttpVersionRoutingHandler channelRead
INFO: Detected non-HTTP/2 connection.
Aug 10, 2026 10:16:12 PM io.gapi.emulators.netty.HttpVersionRoutingHandler channelRead
INFO: Detected non-HTTP/2 connection.
Aug 10, 2026 10:16:19 PM io.gapi.emulators.netty.HttpVersionRoutingHandler channelRead
INFO: Detected non-HTTP/2 connection.
Aug 10, 2026 10:16:19 PM io.gapi.emulators.netty.HttpVersionRoutingHandler channelRead
INFO: Detected non-HTTP/2 connection.
Aug 10, 2026 10:16:19 PM io.gapi.emulators.netty.HttpVersionRoutingHandler channelRead
INFO: Detected non-HTTP/2 connection.
Aug 10, 2026 10:16:19 PM io.gapi.emulators.netty.HttpVersionRoutingHandler channelRead
INFO: Detected non-HTTP/2 connection.
Aug 10, 2026 10:16:19 PM io.gapi.emulators.netty.HttpVersionRoutingHandler channelRead
INFO: Detected non-HTTP/2 connection.
Aug 10, 2026 10:16:19 PM io.gapi.emulators.netty.HttpVersionRoutingHandler channelRead
INFO: Detected non-HTTP/2 connection.
Aug 10, 2026 10:16:20 PM io.gapi.emulators.netty.HttpVersionRoutingHandler channelRead
INFO: Detected non-HTTP/2 connection.
Aug 10, 2026 10:16:24 PM io.gapi.emulators.netty.HttpVersionRoutingHandler channelRead
INFO: Detected non-HTTP/2 connection.
Aug 10, 2026 10:16:24 PM io.gapi.emulators.netty.HttpVersionRoutingHandler channelRead
INFO: Detected non-HTTP/2 connection.
Aug 10, 2026 10:16:24 PM io.gapi.emulators.netty.HttpVersionRoutingHandler channelRead
INFO: Detected non-HTTP/2 connection.
Aug 10, 2026 10:16:24 PM io.gapi.emulators.netty.HttpVersionRoutingHandler channelRead
INFO: Detected non-HTTP/2 connection.
Aug 10, 2026 10:16:25 PM io.gapi.emulators.netty.HttpVersionRoutingHandler channelRead
INFO: Detected non-HTTP/2 connection.
Aug 10, 2026 10:16:25 PM io.gapi.emulators.netty.HttpVersionRoutingHandler channelRead
INFO: Detected non-HTTP/2 connection.
Aug 10, 2026 10:16:25 PM io.gapi.emulators.netty.HttpVersionRoutingHandler channelRead
INFO: Detected non-HTTP/2 connection.
Aug 10, 2026 10:16:25 PM io.gapi.emulators.netty.HttpVersionRoutingHandler channelRead
INFO: Detected non-HTTP/2 connection.
Aug 10, 2026 10:16:35 PM io.gapi.emulators.netty.HttpVersionRoutingHandler channelRead
INFO: Detected non-HTTP/2 connection.
Aug 10, 2026 10:16:46 PM io.gapi.emulators.netty.HttpVersionRoutingHandler channelRead
INFO: Detected non-HTTP/2 connection.
Aug 10, 2026 10:16:46 PM io.gapi.emulators.netty.HttpVersionRoutingHandler channelRead
INFO: Detected non-HTTP/2 connection.
Aug 10, 2026 10:16:46 PM io.gapi.emulators.netty.HttpVersionRoutingHandler channelRead
INFO: Detected non-HTTP/2 connection.
Aug 10, 2026 10:16:46 PM io.gapi.emulators.netty.HttpVersionRoutingHandler channelRead
INFO: Detected non-HTTP/2 connection.
Aug 10, 2026 10:16:47 PM io.gapi.emulators.netty.HttpVersionRoutingHandler channelRead
INFO: Detected non-HTTP/2 connection.
Aug 10, 2026 10:16:47 PM io.gapi.emulators.netty.HttpVersionRoutingHandler channelRead
INFO: Detected non-HTTP/2 connection.
Aug 10, 2026 10:16:47 PM io.gapi.emulators.netty.HttpVersionRoutingHandler channelRead
INFO: Detected non-HTTP/2 connection.
Aug 10, 2026 10:16:47 PM io.gapi.emulators.netty.HttpVersionRoutingHandler channelRead
INFO: Detected non-HTTP/2 connection.
Aug 10, 2026 10:16:47 PM io.gapi.emulators.netty.HttpVersionRoutingHandler channelRead
INFO: Detected non-HTTP/2 connection.
Aug 10, 2026 10:16:47 PM io.gapi.emulators.netty.HttpVersionRoutingHandler channelRead
INFO: Detected non-HTTP/2 connection.
Aug 10, 2026 10:16:47 PM io.gapi.emulators.netty.HttpVersionRoutingHandler channelRead
INFO: Detected non-HTTP/2 connection.
Aug 10, 2026 10:16:47 PM io.gapi.emulators.netty.HttpVersionRoutingHandler channelRead
INFO: Detected non-HTTP/2 connection.
Aug 10, 2026 10:16:47 PM io.gapi.emulators.netty.HttpVersionRoutingHandler channelRead
INFO: Detected non-HTTP/2 connection.
Aug 10, 2026 10:16:54 PM io.gapi.emulators.netty.HttpVersionRoutingHandler channelRead
INFO: Detected non-HTTP/2 connection.
Aug 10, 2026 10:16:54 PM io.gapi.emulators.netty.HttpVersionRoutingHandler channelRead
INFO: Detected non-HTTP/2 connection.
Aug 10, 2026 10:17:41 PM io.gapi.emulators.netty.HttpVersionRoutingHandler channelRead
INFO: Detected non-HTTP/2 connection.
Aug 10, 2026 10:17:42 PM io.gapi.emulators.netty.HttpVersionRoutingHandler channelRead
INFO: Detected non-HTTP/2 connection.
Aug 10, 2026 10:17:43 PM io.gapi.emulators.netty.HttpVersionRoutingHandler channelRead
INFO: Detected non-HTTP/2 connection.
Aug 10, 2026 10:17:43 PM io.gapi.emulators.netty.HttpVersionRoutingHandler channelRead
INFO: Detected non-HTTP/2 connection.
Aug 10, 2026 10:17:43 PM io.gapi.emulators.netty.HttpVersionRoutingHandler channelRead
INFO: Detected non-HTTP/2 connection.
Aug 10, 2026 10:17:43 PM io.gapi.emulators.netty.HttpVersionRoutingHandler channelRead
INFO: Detected non-HTTP/2 connection.
Aug 10, 2026 10:17:43 PM io.gapi.emulators.netty.HttpVersionRoutingHandler channelRead
INFO: Detected non-HTTP/2 connection.
Aug 10, 2026 10:17:43 PM io.gapi.emulators.netty.HttpVersionRoutingHandler channelRead
INFO: Detected non-HTTP/2 connection.
Aug 10, 2026 10:17:43 PM io.gapi.emulators.netty.HttpVersionRoutingHandler channelRead
INFO: Detected non-HTTP/2 connection.
Aug 10, 2026 10:17:43 PM io.gapi.emulators.netty.HttpVersionRoutingHandler channelRead
INFO: Detected non-HTTP/2 connection.
Aug 10, 2026 10:17:43 PM io.gapi.emulators.netty.HttpVersionRoutingHandler channelRead
INFO: Detected non-HTTP/2 connection.
Aug 10, 2026 10:17:43 PM io.gapi.emulators.netty.HttpVersionRoutingHandler channelRead
INFO: Detected non-HTTP/2 connection.
Aug 10, 2026 10:17:46 PM io.gapi.emulators.netty.HttpVersionRoutingHandler channelRead
INFO: Detected non-HTTP/2 connection.
Aug 10, 2026 10:17:46 PM io.gapi.emulators.netty.HttpVersionRoutingHandler channelRead
INFO: Detected non-HTTP/2 connection.
Aug 10, 2026 10:17:46 PM io.gapi.emulators.netty.HttpVersionRoutingHandler channelRead
INFO: Detected non-HTTP/2 connection.
Aug 10, 2026 10:17:46 PM io.gapi.emulators.netty.HttpVersionRoutingHandler channelRead
INFO: Detected non-HTTP/2 connection.
Aug 10, 2026 10:17:50 PM io.gapi.emulators.netty.HttpVersionRoutingHandler channelRead
INFO: Detected non-HTTP/2 connection.
Aug 10, 2026 10:17:50 PM io.gapi.emulators.netty.HttpVersionRoutingHandler channelRead
INFO: Detected non-HTTP/2 connection.
Aug 10, 2026 10:17:50 PM io.gapi.emulators.netty.HttpVersionRoutingHandler channelRead
INFO: Detected non-HTTP/2 connection.
Aug 10, 2026 10:17:50 PM io.gapi.emulators.netty.HttpVersionRoutingHandler channelRead
INFO: Detected non-HTTP/2 connection.
Aug 10, 2026 10:17:50 PM io.gapi.emulators.netty.HttpVersionRoutingHandler channelRead
INFO: Detected non-HTTP/2 connection.
Aug 10, 2026 10:18:00 PM io.gapi.emulators.netty.HttpVersionRoutingHandler channelRead
INFO: Detected non-HTTP/2 connection.
Aug 10, 2026 10:18:00 PM io.gapi.emulators.netty.HttpVersionRoutingHandler channelRead
INFO: Detected non-HTTP/2 connection.
Aug 10, 2026 10:18:00 PM io.gapi.emulators.netty.HttpVersionRoutingHandler channelRead
INFO: Detected non-HTTP/2 connection.
Aug 10, 2026 10:18:02 PM io.gapi.emulators.netty.HttpVersionRoutingHandler channelRead
INFO: Detected non-HTTP/2 connection.
Aug 10, 2026 10:18:02 PM io.gapi.emulators.netty.HttpVersionRoutingHandler channelRead
INFO: Detected non-HTTP/2 connection.
Aug 10, 2026 10:18:02 PM io.gapi.emulators.netty.HttpVersionRoutingHandler channelRead
INFO: Detected non-HTTP/2 connection.
Aug 10, 2026 10:18:02 PM io.gapi.emulators.netty.HttpVersionRoutingHandler channelRead
INFO: Detected non-HTTP/2 connection.
Aug 10, 2026 10:18:02 PM io.gapi.emulators.netty.HttpVersionRoutingHandler channelRead
INFO: Detected non-HTTP/2 connection.
Aug 10, 2026 10:18:06 PM io.gapi.emulators.netty.HttpVersionRoutingHandler channelRead
INFO: Detected non-HTTP/2 connection.
Aug 10, 2026 10:18:06 PM io.gapi.emulators.netty.HttpVersionRoutingHandler channelRead
INFO: Detected non-HTTP/2 connection.
Aug 10, 2026 10:18:47 PM io.gapi.emulators.netty.HttpVersionRoutingHandler channelRead
INFO: Detected non-HTTP/2 connection.
Aug 10, 2026 10:18:47 PM io.gapi.emulators.netty.HttpVersionRoutingHandler channelRead
INFO: Detected non-HTTP/2 connection.
Aug 10, 2026 10:18:54 PM io.gapi.emulators.netty.HttpVersionRoutingHandler channelRead
INFO: Detected non-HTTP/2 connection.
Aug 10, 2026 10:19:08 PM io.gapi.emulators.netty.HttpVersionRoutingHandler channelRead
INFO: Detected non-HTTP/2 connection.
Aug 10, 2026 10:19:08 PM io.gapi.emulators.netty.HttpVersionRoutingHandler channelRead
INFO: Detected non-HTTP/2 connection.
Aug 10, 2026 10:19:08 PM io.gapi.emulators.netty.HttpVersionRoutingHandler channelRead
INFO: Detected non-HTTP/2 connection.
Aug 10, 2026 10:19:08 PM io.gapi.emulators.netty.HttpVersionRoutingHandler channelRead
INFO: Detected non-HTTP/2 connection.
Aug 10, 2026 10:19:08 PM io.gapi.emulators.netty.HttpVersionRoutingHandler channelRead
INFO: Detected non-HTTP/2 connection.
Aug 10, 2026 10:19:09 PM io.gapi.emulators.netty.HttpVersionRoutingHandler channelRead
INFO: Detected non-HTTP/2 connection.
Aug 10, 2026 10:19:17 PM io.gapi.emulators.netty.HttpVersionRoutingHandler channelRead
INFO: Detected non-HTTP/2 connection.
Aug 10, 2026 10:19:31 PM io.gapi.emulators.netty.HttpVersionRoutingHandler channelRead
INFO: Detected non-HTTP/2 connection.
Aug 10, 2026 10:19:31 PM io.gapi.emulators.netty.HttpVersionRoutingHandler channelRead
INFO: Detected non-HTTP/2 connection.
Aug 10, 2026 10:20:37 PM io.gapi.emulators.netty.HttpVersionRoutingHandler channelRead
INFO: Detected non-HTTP/2 connection.
Aug 10, 2026 10:20:39 PM io.gapi.emulators.netty.HttpVersionRoutingHandler channelRead
INFO: Detected non-HTTP/2 connection.
Aug 10, 2026 10:20:40 PM io.gapi.emulators.netty.HttpVersionRoutingHandler channelRead
INFO: Detected non-HTTP/2 connection.
Aug 10, 2026 10:21:55 PM io.gapi.emulators.netty.HttpVersionRoutingHandler channelRead
INFO: Detected non-HTTP/2 connection.
Aug 10, 2026 10:21:55 PM io.gapi.emulators.netty.HttpVersionRoutingHandler channelRead
INFO: Detected non-HTTP/2 connection.
Aug 10, 2026 10:21:55 PM io.gapi.emulators.netty.HttpVersionRoutingHandler channelRead
INFO: Detected non-HTTP/2 connection.
Aug 10, 2026 10:23:02 PM io.gapi.emulators.netty.HttpVersionRoutingHandler channelRead
INFO: Detected non-HTTP/2 connection.
Aug 10, 2026 10:23:02 PM io.gapi.emulators.netty.HttpVersionRoutingHandler channelRead
INFO: Detected non-HTTP/2 connection.
Aug 10, 2026 10:23:02 PM io.gapi.emulators.netty.HttpVersionRoutingHandler channelRead
INFO: Detected non-HTTP/2 connection.
Aug 10, 2026 10:24:08 PM io.gapi.emulators.netty.HttpVersionRoutingHandler channelRead
INFO: Detected non-HTTP/2 connection.
Aug 10, 2026 10:24:08 PM io.gapi.emulators.netty.HttpVersionRoutingHandler channelRead
INFO: Detected non-HTTP/2 connection.
Aug 10, 2026 10:24:09 PM io.gapi.emulators.netty.HttpVersionRoutingHandler channelRead
INFO: Detected non-HTTP/2 connection.
Aug 10, 2026 10:24:52 PM io.gapi.emulators.netty.HttpVersionRoutingHandler channelRead
INFO: Detected non-HTTP/2 connection.
Aug 10, 2026 10:24:52 PM io.gapi.emulators.netty.HttpVersionRoutingHandler channelRead
INFO: Detected non-HTTP/2 connection.
Aug 10, 2026 10:24:53 PM io.gapi.emulators.netty.HttpVersionRoutingHandler channelRead
INFO: Detected non-HTTP/2 connection.
Aug 10, 2026 10:25:39 PM io.gapi.emulators.netty.HttpVersionRoutingHandler channelRead
INFO: Detected non-HTTP/2 connection.
Aug 10, 2026 10:25:39 PM io.gapi.emulators.netty.HttpVersionRoutingHandler channelRead
INFO: Detected non-HTTP/2 connection.
Aug 10, 2026 10:25:39 PM io.gapi.emulators.netty.HttpVersionRoutingHandler channelRead
INFO: Detected non-HTTP/2 connection.
Aug 10, 2026 10:25:39 PM io.gapi.emulators.netty.HttpVersionRoutingHandler channelRead
INFO: Detected non-HTTP/2 connection.
Aug 10, 2026 10:25:40 PM io.gapi.emulators.netty.HttpVersionRoutingHandler channelRead
INFO: Detected non-HTTP/2 connection.
Aug 10, 2026 10:25:40 PM io.gapi.emulators.netty.HttpVersionRoutingHandler channelRead
INFO: Detected non-HTTP/2 connection.
Aug 10, 2026 10:26:45 PM io.gapi.emulators.netty.HttpVersionRoutingHandler channelRead
INFO: Detected non-HTTP/2 connection.
Aug 10, 2026 10:26:45 PM io.gapi.emulators.netty.HttpVersionRoutingHandler channelRead
INFO: Detected non-HTTP/2 connection.
Aug 10, 2026 10:26:45 PM io.gapi.emulators.netty.HttpVersionRoutingHandler channelRead
INFO: Detected non-HTTP/2 connection.
Aug 10, 2026 10:26:45 PM io.gapi.emulators.netty.HttpVersionRoutingHandler channelRead
INFO: Detected non-HTTP/2 connection.
Aug 10, 2026 10:26:46 PM io.gapi.emulators.netty.HttpVersionRoutingHandler channelRead
INFO: Detected non-HTTP/2 connection.
Aug 10, 2026 10:26:46 PM com.google.cloud.datastore.emulator.firestore.webchannel.FirestoreV1WebChannelAdapter$FirestoreWriteHandler onClose
INFO: channel closed
Aug 10, 2026 10:27:51 PM io.gapi.emulators.netty.HttpVersionRoutingHandler channelRead
INFO: Detected non-HTTP/2 connection.
Aug 10, 2026 10:27:51 PM io.gapi.emulators.netty.HttpVersionRoutingHandler channelRead
INFO: Detected non-HTTP/2 connection.
Aug 10, 2026 10:27:51 PM io.gapi.emulators.netty.HttpVersionRoutingHandler channelRead
INFO: Detected non-HTTP/2 connection.
Aug 10, 2026 10:28:54 PM io.gapi.emulators.netty.HttpVersionRoutingHandler channelRead
INFO: Detected non-HTTP/2 connection.
Aug 10, 2026 10:29:09 PM io.gapi.emulators.netty.HttpVersionRoutingHandler channelRead
INFO: Detected non-HTTP/2 connection.
Aug 10, 2026 10:29:09 PM io.gapi.emulators.netty.HttpVersionRoutingHandler channelRead
INFO: Detected non-HTTP/2 connection.
Aug 10, 2026 10:29:56 PM io.gapi.emulators.netty.HttpVersionRoutingHandler channelRead
INFO: Detected non-HTTP/2 connection.
Aug 10, 2026 10:30:23 PM io.gapi.emulators.netty.HttpVersionRoutingHandler channelRead
INFO: Detected non-HTTP/2 connection.
Aug 10, 2026 10:30:24 PM io.gapi.emulators.netty.HttpVersionRoutingHandler channelRead
INFO: Detected non-HTTP/2 connection.
Aug 10, 2026 10:30:57 PM io.gapi.emulators.netty.HttpVersionRoutingHandler channelRead
INFO: Detected non-HTTP/2 connection.
Aug 10, 2026 10:31:40 PM io.gapi.emulators.netty.HttpVersionRoutingHandler channelRead
INFO: Detected non-HTTP/2 connection.
Aug 10, 2026 10:31:41 PM io.gapi.emulators.netty.HttpVersionRoutingHandler channelRead
INFO: Detected non-HTTP/2 connection.
Aug 10, 2026 10:31:56 PM io.gapi.emulators.netty.HttpVersionRoutingHandler channelRead
INFO: Detected non-HTTP/2 connection.
Aug 10, 2026 10:32:58 PM io.gapi.emulators.netty.HttpVersionRoutingHandler channelRead
INFO: Detected non-HTTP/2 connection.
Aug 10, 2026 10:33:01 PM io.gapi.emulators.netty.HttpVersionRoutingHandler channelRead
INFO: Detected non-HTTP/2 connection.
Aug 10, 2026 10:33:54 PM io.gapi.emulators.netty.HttpVersionRoutingHandler channelRead
INFO: Detected non-HTTP/2 connection.
Aug 10, 2026 10:34:08 PM io.gapi.emulators.netty.HttpVersionRoutingHandler channelRead
INFO: Detected non-HTTP/2 connection.
Aug 10, 2026 10:34:19 PM io.gapi.emulators.netty.HttpVersionRoutingHandler channelRead
INFO: Detected non-HTTP/2 connection.
Aug 10, 2026 10:34:26 PM io.gapi.emulators.netty.HttpVersionRoutingHandler channelRead
INFO: Detected non-HTTP/2 connection.
Aug 10, 2026 10:34:26 PM io.gapi.emulators.netty.HttpVersionRoutingHandler channelRead
INFO: Detected non-HTTP/2 connection.
Aug 10, 2026 10:34:26 PM io.gapi.emulators.netty.HttpVersionRoutingHandler channelRead
INFO: Detected non-HTTP/2 connection.
Aug 10, 2026 10:34:27 PM io.gapi.emulators.netty.HttpVersionRoutingHandler channelRead
INFO: Detected non-HTTP/2 connection.
Aug 10, 2026 10:34:27 PM io.gapi.emulators.netty.HttpVersionRoutingHandler channelRead
INFO: Detected non-HTTP/2 connection.
Aug 10, 2026 10:34:30 PM io.gapi.emulators.netty.HttpVersionRoutingHandler channelRead
INFO: Detected non-HTTP/2 connection.
Aug 10, 2026 10:34:30 PM io.gapi.emulators.netty.HttpVersionRoutingHandler channelRead
INFO: Detected non-HTTP/2 connection.
Aug 10, 2026 10:34:30 PM io.gapi.emulators.netty.HttpVersionRoutingHandler channelRead
INFO: Detected non-HTTP/2 connection.
Aug 10, 2026 10:34:44 PM io.gapi.emulators.netty.HttpVersionRoutingHandler channelRead
INFO: Detected non-HTTP/2 connection.
Aug 10, 2026 10:34:44 PM io.gapi.emulators.netty.HttpVersionRoutingHandler channelRead
INFO: Detected non-HTTP/2 connection.
Aug 10, 2026 10:34:45 PM io.gapi.emulators.netty.HttpVersionRoutingHandler channelRead
INFO: Detected non-HTTP/2 connection.
Aug 10, 2026 10:34:54 PM io.gapi.emulators.netty.HttpVersionRoutingHandler channelRead
INFO: Detected non-HTTP/2 connection.
Aug 10, 2026 10:34:54 PM io.gapi.emulators.netty.HttpVersionRoutingHandler channelRead
INFO: Detected non-HTTP/2 connection.
Aug 10, 2026 10:34:54 PM io.gapi.emulators.netty.HttpVersionRoutingHandler channelRead
INFO: Detected non-HTTP/2 connection.
Aug 10, 2026 10:34:54 PM io.gapi.emulators.netty.HttpVersionRoutingHandler channelRead
INFO: Detected non-HTTP/2 connection.
Aug 10, 2026 10:34:54 PM io.gapi.emulators.netty.HttpVersionRoutingHandler channelRead
INFO: Detected non-HTTP/2 connection.
Aug 10, 2026 10:34:57 PM io.gapi.emulators.netty.HttpVersionRoutingHandler channelRead
INFO: Detected non-HTTP/2 connection.
Aug 10, 2026 10:34:58 PM io.gapi.emulators.netty.HttpVersionRoutingHandler channelRead
INFO: Detected non-HTTP/2 connection.
Aug 10, 2026 10:34:58 PM io.gapi.emulators.netty.HttpVersionRoutingHandler channelRead
INFO: Detected non-HTTP/2 connection.
Aug 10, 2026 10:34:58 PM io.gapi.emulators.netty.HttpVersionRoutingHandler channelRead
INFO: Detected non-HTTP/2 connection.
Aug 10, 2026 10:34:58 PM io.gapi.emulators.netty.HttpVersionRoutingHandler channelRead
INFO: Detected non-HTTP/2 connection.
Aug 10, 2026 10:34:59 PM io.gapi.emulators.netty.HttpVersionRoutingHandler channelRead
INFO: Detected non-HTTP/2 connection.
Aug 10, 2026 10:35:00 PM io.gapi.emulators.netty.HttpVersionRoutingHandler channelRead
INFO: Detected non-HTTP/2 connection.
Aug 10, 2026 10:35:01 PM io.gapi.emulators.netty.HttpVersionRoutingHandler channelRead
INFO: Detected non-HTTP/2 connection.
Aug 10, 2026 10:35:01 PM io.gapi.emulators.netty.HttpVersionRoutingHandler channelRead
INFO: Detected non-HTTP/2 connection.
Aug 10, 2026 10:35:01 PM io.gapi.emulators.netty.HttpVersionRoutingHandler channelRead
INFO: Detected non-HTTP/2 connection.
Aug 10, 2026 10:35:01 PM io.gapi.emulators.netty.HttpVersionRoutingHandler channelRead
INFO: Detected non-HTTP/2 connection.
Aug 10, 2026 10:35:01 PM io.gapi.emulators.netty.HttpVersionRoutingHandler channelRead
INFO: Detected non-HTTP/2 connection.
Aug 10, 2026 10:35:01 PM io.gapi.emulators.netty.HttpVersionRoutingHandler channelRead
INFO: Detected non-HTTP/2 connection.
Aug 10, 2026 10:35:01 PM io.gapi.emulators.netty.HttpVersionRoutingHandler channelRead
INFO: Detected non-HTTP/2 connection.
Aug 10, 2026 10:35:01 PM io.gapi.emulators.netty.HttpVersionRoutingHandler channelRead
INFO: Detected non-HTTP/2 connection.
Aug 10, 2026 10:35:01 PM io.gapi.emulators.netty.HttpVersionRoutingHandler channelRead
INFO: Detected non-HTTP/2 connection.
Aug 10, 2026 10:35:02 PM io.gapi.emulators.netty.HttpVersionRoutingHandler channelRead
INFO: Detected non-HTTP/2 connection.
Aug 10, 2026 10:35:02 PM io.gapi.emulators.netty.HttpVersionRoutingHandler channelRead
INFO: Detected non-HTTP/2 connection.
Aug 10, 2026 10:35:02 PM io.gapi.emulators.netty.HttpVersionRoutingHandler channelRead
INFO: Detected non-HTTP/2 connection.
Aug 10, 2026 10:35:04 PM io.gapi.emulators.netty.HttpVersionRoutingHandler channelRead
INFO: Detected non-HTTP/2 connection.
Aug 10, 2026 10:35:04 PM io.gapi.emulators.netty.HttpVersionRoutingHandler channelRead
INFO: Detected non-HTTP/2 connection.
Aug 10, 2026 10:35:04 PM io.gapi.emulators.netty.HttpVersionRoutingHandler channelRead
INFO: Detected non-HTTP/2 connection.
Aug 10, 2026 10:35:04 PM io.gapi.emulators.netty.HttpVersionRoutingHandler channelRead
INFO: Detected non-HTTP/2 connection.
Aug 10, 2026 10:35:05 PM io.gapi.emulators.netty.HttpVersionRoutingHandler channelRead
INFO: Detected non-HTTP/2 connection.
Aug 10, 2026 10:35:05 PM io.gapi.emulators.netty.HttpVersionRoutingHandler channelRead
INFO: Detected non-HTTP/2 connection.
Aug 10, 2026 10:35:08 PM io.gapi.emulators.netty.HttpVersionRoutingHandler channelRead
INFO: Detected non-HTTP/2 connection.
Aug 10, 2026 10:35:08 PM io.gapi.emulators.netty.HttpVersionRoutingHandler channelRead
INFO: Detected non-HTTP/2 connection.
Aug 10, 2026 10:35:08 PM io.gapi.emulators.netty.HttpVersionRoutingHandler channelRead
INFO: Detected non-HTTP/2 connection.
Aug 10, 2026 10:35:08 PM io.gapi.emulators.netty.HttpVersionRoutingHandler channelRead
INFO: Detected non-HTTP/2 connection.
Aug 10, 2026 10:35:08 PM io.gapi.emulators.netty.HttpVersionRoutingHandler channelRead
INFO: Detected non-HTTP/2 connection.
Aug 10, 2026 10:35:08 PM io.gapi.emulators.netty.HttpVersionRoutingHandler channelRead
INFO: Detected non-HTTP/2 connection.
Aug 10, 2026 10:35:08 PM io.gapi.emulators.netty.HttpVersionRoutingHandler channelRead
INFO: Detected non-HTTP/2 connection.
Aug 10, 2026 10:35:08 PM io.gapi.emulators.netty.HttpVersionRoutingHandler channelRead
INFO: Detected non-HTTP/2 connection.
Aug 10, 2026 10:35:08 PM io.gapi.emulators.netty.HttpVersionRoutingHandler channelRead
INFO: Detected non-HTTP/2 connection.
Aug 10, 2026 10:35:08 PM io.gapi.emulators.netty.HttpVersionRoutingHandler channelRead
INFO: Detected non-HTTP/2 connection.
Aug 10, 2026 10:35:08 PM io.gapi.emulators.netty.HttpVersionRoutingHandler channelRead
INFO: Detected non-HTTP/2 connection.
Aug 10, 2026 10:35:08 PM io.gapi.emulators.netty.HttpVersionRoutingHandler channelRead
INFO: Detected non-HTTP/2 connection.
Aug 10, 2026 10:35:15 PM io.gapi.emulators.netty.HttpVersionRoutingHandler channelRead
INFO: Detected non-HTTP/2 connection.
Aug 10, 2026 10:35:15 PM io.gapi.emulators.netty.HttpVersionRoutingHandler channelRead
INFO: Detected non-HTTP/2 connection.
Aug 10, 2026 10:35:15 PM io.gapi.emulators.netty.HttpVersionRoutingHandler channelRead
INFO: Detected non-HTTP/2 connection.
Aug 10, 2026 10:35:15 PM io.gapi.emulators.netty.HttpVersionRoutingHandler channelRead
INFO: Detected non-HTTP/2 connection.
Aug 10, 2026 10:35:15 PM io.gapi.emulators.netty.HttpVersionRoutingHandler channelRead
INFO: Detected non-HTTP/2 connection.
Aug 10, 2026 10:35:15 PM io.gapi.emulators.netty.HttpVersionRoutingHandler channelRead
INFO: Detected non-HTTP/2 connection.
Aug 10, 2026 10:35:17 PM io.gapi.emulators.netty.HttpVersionRoutingHandler channelRead
INFO: Detected non-HTTP/2 connection.
Aug 10, 2026 10:35:18 PM io.gapi.emulators.netty.HttpVersionRoutingHandler channelRead
INFO: Detected non-HTTP/2 connection.
Aug 10, 2026 10:35:18 PM io.gapi.emulators.netty.HttpVersionRoutingHandler channelRead
INFO: Detected non-HTTP/2 connection.
Aug 10, 2026 10:35:22 PM io.gapi.emulators.netty.HttpVersionRoutingHandler channelRead
INFO: Detected non-HTTP/2 connection.
Aug 10, 2026 10:35:22 PM io.gapi.emulators.netty.HttpVersionRoutingHandler channelRead
INFO: Detected non-HTTP/2 connection.
Aug 10, 2026 10:35:22 PM io.gapi.emulators.netty.HttpVersionRoutingHandler channelRead
INFO: Detected non-HTTP/2 connection.
Aug 10, 2026 10:35:33 PM io.gapi.emulators.netty.HttpVersionRoutingHandler channelRead
INFO: Detected non-HTTP/2 connection.
Aug 10, 2026 10:35:33 PM io.gapi.emulators.netty.HttpVersionRoutingHandler channelRead
INFO: Detected non-HTTP/2 connection.
Aug 10, 2026 10:35:33 PM io.gapi.emulators.netty.HttpVersionRoutingHandler channelRead
INFO: Detected non-HTTP/2 connection.
Aug 10, 2026 10:35:33 PM io.gapi.emulators.netty.HttpVersionRoutingHandler channelRead
INFO: Detected non-HTTP/2 connection.
Aug 10, 2026 10:35:33 PM io.gapi.emulators.netty.HttpVersionRoutingHandler channelRead
INFO: Detected non-HTTP/2 connection.
Aug 10, 2026 10:35:37 PM io.gapi.emulators.netty.HttpVersionRoutingHandler channelRead
INFO: Detected non-HTTP/2 connection.
Aug 10, 2026 10:35:37 PM io.gapi.emulators.netty.HttpVersionRoutingHandler channelRead
INFO: Detected non-HTTP/2 connection.
Aug 10, 2026 10:35:56 PM io.gapi.emulators.netty.HttpVersionRoutingHandler channelRead
INFO: Detected non-HTTP/2 connection.
Aug 10, 2026 10:35:56 PM io.gapi.emulators.netty.HttpVersionRoutingHandler channelRead
INFO: Detected non-HTTP/2 connection.
Aug 10, 2026 10:35:56 PM io.gapi.emulators.netty.HttpVersionRoutingHandler channelRead
INFO: Detected non-HTTP/2 connection.
Aug 10, 2026 10:35:56 PM io.gapi.emulators.netty.HttpVersionRoutingHandler channelRead
INFO: Detected non-HTTP/2 connection.
Aug 10, 2026 10:35:56 PM io.gapi.emulators.netty.HttpVersionRoutingHandler channelRead
INFO: Detected non-HTTP/2 connection.
Aug 10, 2026 10:35:56 PM io.gapi.emulators.netty.HttpVersionRoutingHandler channelRead
INFO: Detected non-HTTP/2 connection.
Aug 10, 2026 10:35:56 PM io.gapi.emulators.netty.HttpVersionRoutingHandler channelRead
INFO: Detected non-HTTP/2 connection.
Aug 10, 2026 10:36:23 PM io.gapi.emulators.netty.HttpVersionRoutingHandler channelRead
INFO: Detected non-HTTP/2 connection.
Aug 10, 2026 10:36:23 PM com.google.cloud.datastore.emulator.firestore.webchannel.FirestoreV1WebChannelAdapter$FirestoreWriteHandler onClose
INFO: channel closed
Aug 10, 2026 10:36:41 PM io.gapi.emulators.netty.HttpVersionRoutingHandler channelRead
INFO: Detected non-HTTP/2 connection.
Aug 10, 2026 10:36:59 PM io.gapi.emulators.netty.HttpVersionRoutingHandler channelRead
INFO: Detected non-HTTP/2 connection.
Aug 10, 2026 10:37:59 PM io.gapi.emulators.netty.HttpVersionRoutingHandler channelRead
INFO: Detected non-HTTP/2 connection.
Aug 10, 2026 10:38:04 PM io.gapi.emulators.netty.HttpVersionRoutingHandler channelRead
INFO: Detected non-HTTP/2 connection.
Aug 10, 2026 10:38:49 PM io.gapi.emulators.netty.HttpVersionRoutingHandler channelRead
INFO: Detected non-HTTP/2 connection.
Aug 10, 2026 10:39:16 PM io.gapi.emulators.netty.HttpVersionRoutingHandler channelRead
INFO: Detected non-HTTP/2 connection.
Aug 10, 2026 10:40:06 PM io.gapi.emulators.netty.HttpVersionRoutingHandler channelRead
INFO: Detected non-HTTP/2 connection.
Aug 10, 2026 10:40:23 PM io.gapi.emulators.netty.HttpVersionRoutingHandler channelRead
INFO: Detected non-HTTP/2 connection.
Aug 10, 2026 10:40:54 PM io.gapi.emulators.netty.HttpVersionRoutingHandler channelRead
INFO: Detected non-HTTP/2 connection.
Aug 10, 2026 10:41:27 PM io.gapi.emulators.netty.HttpVersionRoutingHandler channelRead
INFO: Detected non-HTTP/2 connection.
Aug 10, 2026 10:42:09 PM io.gapi.emulators.netty.HttpVersionRoutingHandler channelRead
INFO: Detected non-HTTP/2 connection.
Aug 10, 2026 10:42:32 PM io.gapi.emulators.netty.HttpVersionRoutingHandler channelRead
INFO: Detected non-HTTP/2 connection.
Aug 10, 2026 10:42:58 PM io.gapi.emulators.netty.HttpVersionRoutingHandler channelRead
INFO: Detected non-HTTP/2 connection.
Aug 10, 2026 10:43:50 PM io.gapi.emulators.netty.HttpVersionRoutingHandler channelRead
INFO: Detected non-HTTP/2 connection.
Aug 10, 2026 10:44:16 PM io.gapi.emulators.netty.HttpVersionRoutingHandler channelRead
INFO: Detected non-HTTP/2 connection.
Aug 10, 2026 10:44:41 PM io.gapi.emulators.netty.HttpVersionRoutingHandler channelRead
INFO: Detected non-HTTP/2 connection.
Aug 10, 2026 10:44:53 PM io.gapi.emulators.netty.HttpVersionRoutingHandler channelRead
INFO: Detected non-HTTP/2 connection.
Aug 10, 2026 10:44:58 PM io.gapi.emulators.netty.HttpVersionRoutingHandler channelRead
INFO: Detected non-HTTP/2 connection.
Aug 10, 2026 10:45:44 PM io.gapi.emulators.netty.HttpVersionRoutingHandler channelRead
INFO: Detected non-HTTP/2 connection.
Aug 10, 2026 10:46:04 PM io.gapi.emulators.netty.HttpVersionRoutingHandler channelRead
INFO: Detected non-HTTP/2 connection.
Aug 10, 2026 10:46:13 PM io.gapi.emulators.netty.HttpVersionRoutingHandler channelRead
INFO: Detected non-HTTP/2 connection.
Aug 10, 2026 10:46:14 PM io.gapi.emulators.netty.HttpVersionRoutingHandler channelRead
INFO: Detected non-HTTP/2 connection.
Aug 10, 2026 10:46:15 PM io.gapi.emulators.netty.HttpVersionRoutingHandler channelRead
INFO: Detected non-HTTP/2 connection.
Aug 10, 2026 10:46:15 PM io.gapi.emulators.netty.HttpVersionRoutingHandler channelRead
INFO: Detected non-HTTP/2 connection.
Aug 10, 2026 10:46:48 PM io.gapi.emulators.netty.HttpVersionRoutingHandler channelRead
INFO: Detected non-HTTP/2 connection.
Aug 10, 2026 10:47:22 PM io.gapi.emulators.netty.HttpVersionRoutingHandler channelRead
INFO: Detected non-HTTP/2 connection.
Aug 10, 2026 10:47:22 PM io.gapi.emulators.netty.HttpVersionRoutingHandler channelRead
INFO: Detected non-HTTP/2 connection.
Aug 10, 2026 10:47:22 PM io.gapi.emulators.netty.HttpVersionRoutingHandler channelRead
INFO: Detected non-HTTP/2 connection.
Aug 10, 2026 10:47:42 PM io.gapi.emulators.netty.HttpVersionRoutingHandler channelRead
INFO: Detected non-HTTP/2 connection.
Aug 10, 2026 10:47:42 PM com.google.cloud.datastore.emulator.firestore.webchannel.FirestoreV1WebChannelAdapter$FirestoreWriteHandler onClose
INFO: channel closed
Aug 10, 2026 10:47:51 PM io.gapi.emulators.netty.HttpVersionRoutingHandler channelRead
INFO: Detected non-HTTP/2 connection.
Aug 10, 2026 10:48:09 PM io.gapi.emulators.netty.HttpVersionRoutingHandler channelRead
INFO: Detected non-HTTP/2 connection.
Aug 10, 2026 10:48:10 PM io.gapi.emulators.netty.HttpVersionRoutingHandler channelRead
INFO: Detected non-HTTP/2 connection.
Aug 10, 2026 10:49:08 PM io.gapi.emulators.netty.HttpVersionRoutingHandler channelRead
INFO: Detected non-HTTP/2 connection.
Aug 10, 2026 10:49:25 PM io.gapi.emulators.netty.HttpVersionRoutingHandler channelRead
INFO: Detected non-HTTP/2 connection.
Aug 10, 2026 10:49:25 PM io.gapi.emulators.netty.HttpVersionRoutingHandler channelRead
INFO: Detected non-HTTP/2 connection.
Aug 10, 2026 10:50:28 PM io.gapi.emulators.netty.HttpVersionRoutingHandler channelRead
INFO: Detected non-HTTP/2 connection.
Aug 10, 2026 10:50:31 PM io.gapi.emulators.netty.HttpVersionRoutingHandler channelRead
INFO: Detected non-HTTP/2 connection.
Aug 10, 2026 10:50:31 PM io.gapi.emulators.netty.HttpVersionRoutingHandler channelRead
INFO: Detected non-HTTP/2 connection.
Aug 10, 2026 10:51:46 PM io.gapi.emulators.netty.HttpVersionRoutingHandler channelRead
INFO: Detected non-HTTP/2 connection.
Aug 10, 2026 10:51:46 PM io.gapi.emulators.netty.HttpVersionRoutingHandler channelRead
INFO: Detected non-HTTP/2 connection.
Aug 10, 2026 10:51:46 PM io.gapi.emulators.netty.HttpVersionRoutingHandler channelRead
INFO: Detected non-HTTP/2 connection.
Aug 10, 2026 10:52:52 PM io.gapi.emulators.netty.HttpVersionRoutingHandler channelRead
INFO: Detected non-HTTP/2 connection.
Aug 10, 2026 10:52:52 PM io.gapi.emulators.netty.HttpVersionRoutingHandler channelRead
INFO: Detected non-HTTP/2 connection.
Aug 10, 2026 10:52:52 PM io.gapi.emulators.netty.HttpVersionRoutingHandler channelRead
INFO: Detected non-HTTP/2 connection.
Aug 10, 2026 10:53:55 PM io.gapi.emulators.netty.HttpVersionRoutingHandler channelRead
INFO: Detected non-HTTP/2 connection.
Aug 10, 2026 10:54:09 PM io.gapi.emulators.netty.HttpVersionRoutingHandler channelRead
INFO: Detected non-HTTP/2 connection.
Aug 10, 2026 10:54:09 PM io.gapi.emulators.netty.HttpVersionRoutingHandler channelRead
INFO: Detected non-HTTP/2 connection.
Aug 10, 2026 10:55:17 PM io.gapi.emulators.netty.HttpVersionRoutingHandler channelRead
INFO: Detected non-HTTP/2 connection.
Aug 10, 2026 10:55:17 PM io.gapi.emulators.netty.HttpVersionRoutingHandler channelRead
INFO: Detected non-HTTP/2 connection.
Aug 10, 2026 10:55:17 PM io.gapi.emulators.netty.HttpVersionRoutingHandler channelRead
INFO: Detected non-HTTP/2 connection.
Aug 10, 2026 10:56:21 PM io.gapi.emulators.netty.HttpVersionRoutingHandler channelRead
INFO: Detected non-HTTP/2 connection.
Aug 10, 2026 10:56:21 PM io.gapi.emulators.netty.HttpVersionRoutingHandler channelRead
INFO: Detected non-HTTP/2 connection.
Aug 10, 2026 10:56:21 PM io.gapi.emulators.netty.HttpVersionRoutingHandler channelRead
INFO: Detected non-HTTP/2 connection.
Aug 10, 2026 10:57:07 PM io.gapi.emulators.netty.HttpVersionRoutingHandler channelRead
INFO: Detected non-HTTP/2 connection.
Aug 10, 2026 10:57:07 PM io.gapi.emulators.netty.HttpVersionRoutingHandler channelRead
INFO: Detected non-HTTP/2 connection.
Aug 10, 2026 10:57:07 PM io.gapi.emulators.netty.HttpVersionRoutingHandler channelRead
INFO: Detected non-HTTP/2 connection.
Aug 10, 2026 10:58:13 PM io.gapi.emulators.netty.HttpVersionRoutingHandler channelRead
INFO: Detected non-HTTP/2 connection.
Aug 10, 2026 10:58:13 PM io.gapi.emulators.netty.HttpVersionRoutingHandler channelRead
INFO: Detected non-HTTP/2 connection.
Aug 10, 2026 10:58:13 PM io.gapi.emulators.netty.HttpVersionRoutingHandler channelRead
INFO: Detected non-HTTP/2 connection.
Aug 10, 2026 10:59:18 PM io.gapi.emulators.netty.HttpVersionRoutingHandler channelRead
INFO: Detected non-HTTP/2 connection.
Aug 10, 2026 10:59:18 PM io.gapi.emulators.netty.HttpVersionRoutingHandler channelRead
INFO: Detected non-HTTP/2 connection.
Aug 10, 2026 10:59:18 PM io.gapi.emulators.netty.HttpVersionRoutingHandler channelRead
INFO: Detected non-HTTP/2 connection.
Aug 10, 2026 11:00:03 PM io.gapi.emulators.netty.HttpVersionRoutingHandler channelRead
INFO: Detected non-HTTP/2 connection.
Aug 10, 2026 11:00:03 PM io.gapi.emulators.netty.HttpVersionRoutingHandler channelRead
INFO: Detected non-HTTP/2 connection.
Aug 10, 2026 11:00:21 PM io.gapi.emulators.netty.HttpVersionRoutingHandler channelRead
INFO: Detected non-HTTP/2 connection.
Aug 10, 2026 11:01:09 PM io.gapi.emulators.netty.HttpVersionRoutingHandler channelRead
INFO: Detected non-HTTP/2 connection.
Aug 10, 2026 11:01:09 PM io.gapi.emulators.netty.HttpVersionRoutingHandler channelRead
INFO: Detected non-HTTP/2 connection.
Aug 10, 2026 11:01:09 PM io.gapi.emulators.netty.HttpVersionRoutingHandler channelRead
INFO: Detected non-HTTP/2 connection.
Aug 10, 2026 11:02:15 PM io.gapi.emulators.netty.HttpVersionRoutingHandler channelRead
INFO: Detected non-HTTP/2 connection.
Aug 10, 2026 11:02:15 PM io.gapi.emulators.netty.HttpVersionRoutingHandler channelRead
INFO: Detected non-HTTP/2 connection.
Aug 10, 2026 11:02:15 PM io.gapi.emulators.netty.HttpVersionRoutingHandler channelRead
INFO: Detected non-HTTP/2 connection.
Aug 10, 2026 11:03:00 PM io.gapi.emulators.netty.HttpVersionRoutingHandler channelRead
INFO: Detected non-HTTP/2 connection.
Aug 10, 2026 11:03:00 PM io.gapi.emulators.netty.HttpVersionRoutingHandler channelRead
INFO: Detected non-HTTP/2 connection.
Aug 10, 2026 11:03:18 PM io.gapi.emulators.netty.HttpVersionRoutingHandler channelRead
INFO: Detected non-HTTP/2 connection.
Aug 10, 2026 11:04:02 PM io.gapi.emulators.netty.HttpVersionRoutingHandler channelRead
INFO: Detected non-HTTP/2 connection.
Aug 10, 2026 11:04:18 PM io.gapi.emulators.netty.HttpVersionRoutingHandler channelRead
INFO: Detected non-HTTP/2 connection.
Aug 10, 2026 11:04:18 PM io.gapi.emulators.netty.HttpVersionRoutingHandler channelRead
INFO: Detected non-HTTP/2 connection.
Aug 10, 2026 11:05:06 PM io.gapi.emulators.netty.HttpVersionRoutingHandler channelRead
INFO: Detected non-HTTP/2 connection.
Aug 10, 2026 11:05:07 PM io.gapi.emulators.netty.HttpVersionRoutingHandler channelRead
INFO: Detected non-HTTP/2 connection.
Aug 10, 2026 11:05:34 PM io.gapi.emulators.netty.HttpVersionRoutingHandler channelRead
INFO: Detected non-HTTP/2 connection.
Aug 10, 2026 11:06:23 PM io.gapi.emulators.netty.HttpVersionRoutingHandler channelRead
INFO: Detected non-HTTP/2 connection.
Aug 10, 2026 11:06:23 PM io.gapi.emulators.netty.HttpVersionRoutingHandler channelRead
INFO: Detected non-HTTP/2 connection.
Aug 10, 2026 11:06:39 PM io.gapi.emulators.netty.HttpVersionRoutingHandler channelRead
INFO: Detected non-HTTP/2 connection.
Aug 10, 2026 11:07:11 PM io.gapi.emulators.netty.HttpVersionRoutingHandler channelRead
INFO: Detected non-HTTP/2 connection.
Aug 10, 2026 11:07:11 PM io.gapi.emulators.netty.HttpVersionRoutingHandler channelRead
INFO: Detected non-HTTP/2 connection.
Aug 10, 2026 11:07:57 PM io.gapi.emulators.netty.HttpVersionRoutingHandler channelRead
INFO: Detected non-HTTP/2 connection.
Aug 10, 2026 11:07:57 PM io.gapi.emulators.netty.HttpVersionRoutingHandler channelRead
INFO: Detected non-HTTP/2 connection.
Aug 10, 2026 11:07:57 PM io.gapi.emulators.netty.HttpVersionRoutingHandler channelRead
INFO: Detected non-HTTP/2 connection.
Aug 10, 2026 11:09:02 PM io.gapi.emulators.netty.HttpVersionRoutingHandler channelRead
INFO: Detected non-HTTP/2 connection.
Aug 10, 2026 11:09:02 PM io.gapi.emulators.netty.HttpVersionRoutingHandler channelRead
INFO: Detected non-HTTP/2 connection.
Aug 10, 2026 11:09:02 PM io.gapi.emulators.netty.HttpVersionRoutingHandler channelRead
INFO: Detected non-HTTP/2 connection.
Aug 10, 2026 11:10:08 PM io.gapi.emulators.netty.HttpVersionRoutingHandler channelRead
INFO: Detected non-HTTP/2 connection.
Aug 10, 2026 11:10:08 PM io.gapi.emulators.netty.HttpVersionRoutingHandler channelRead
INFO: Detected non-HTTP/2 connection.
Aug 10, 2026 11:10:08 PM io.gapi.emulators.netty.HttpVersionRoutingHandler channelRead
INFO: Detected non-HTTP/2 connection.
Aug 10, 2026 11:10:53 PM io.gapi.emulators.netty.HttpVersionRoutingHandler channelRead
INFO: Detected non-HTTP/2 connection.
Aug 10, 2026 11:10:53 PM io.gapi.emulators.netty.HttpVersionRoutingHandler channelRead
INFO: Detected non-HTTP/2 connection.
Aug 10, 2026 11:11:11 PM io.gapi.emulators.netty.HttpVersionRoutingHandler channelRead
INFO: Detected non-HTTP/2 connection.
Aug 10, 2026 11:11:59 PM io.gapi.emulators.netty.HttpVersionRoutingHandler channelRead
INFO: Detected non-HTTP/2 connection.
Aug 10, 2026 11:11:59 PM io.gapi.emulators.netty.HttpVersionRoutingHandler channelRead
INFO: Detected non-HTTP/2 connection.
Aug 10, 2026 11:11:59 PM io.gapi.emulators.netty.HttpVersionRoutingHandler channelRead
INFO: Detected non-HTTP/2 connection.
Aug 10, 2026 11:13:05 PM io.gapi.emulators.netty.HttpVersionRoutingHandler channelRead
INFO: Detected non-HTTP/2 connection.
Aug 10, 2026 11:13:05 PM io.gapi.emulators.netty.HttpVersionRoutingHandler channelRead
INFO: Detected non-HTTP/2 connection.
Aug 10, 2026 11:13:05 PM io.gapi.emulators.netty.HttpVersionRoutingHandler channelRead
INFO: Detected non-HTTP/2 connection.
Aug 10, 2026 11:13:49 PM io.gapi.emulators.netty.HttpVersionRoutingHandler channelRead
INFO: Detected non-HTTP/2 connection.
Aug 10, 2026 11:13:49 PM io.gapi.emulators.netty.HttpVersionRoutingHandler channelRead
INFO: Detected non-HTTP/2 connection.
Aug 10, 2026 11:13:49 PM io.gapi.emulators.netty.HttpVersionRoutingHandler channelRead
INFO: Detected non-HTTP/2 connection.
Aug 10, 2026 11:14:55 PM io.gapi.emulators.netty.HttpVersionRoutingHandler channelRead
INFO: Detected non-HTTP/2 connection.
Aug 10, 2026 11:14:55 PM io.gapi.emulators.netty.HttpVersionRoutingHandler channelRead
INFO: Detected non-HTTP/2 connection.
Aug 10, 2026 11:14:55 PM io.gapi.emulators.netty.HttpVersionRoutingHandler channelRead
INFO: Detected non-HTTP/2 connection.
Aug 10, 2026 11:16:01 PM io.gapi.emulators.netty.HttpVersionRoutingHandler channelRead
INFO: Detected non-HTTP/2 connection.
Aug 10, 2026 11:16:01 PM io.gapi.emulators.netty.HttpVersionRoutingHandler channelRead
INFO: Detected non-HTTP/2 connection.
Aug 10, 2026 11:16:01 PM io.gapi.emulators.netty.HttpVersionRoutingHandler channelRead
INFO: Detected non-HTTP/2 connection.
Aug 10, 2026 11:16:46 PM io.gapi.emulators.netty.HttpVersionRoutingHandler channelRead
INFO: Detected non-HTTP/2 connection.
Aug 10, 2026 11:16:46 PM io.gapi.emulators.netty.HttpVersionRoutingHandler channelRead
INFO: Detected non-HTTP/2 connection.
Aug 10, 2026 11:16:46 PM io.gapi.emulators.netty.HttpVersionRoutingHandler channelRead
INFO: Detected non-HTTP/2 connection.
Aug 10, 2026 11:17:51 PM io.gapi.emulators.netty.HttpVersionRoutingHandler channelRead
INFO: Detected non-HTTP/2 connection.
Aug 10, 2026 11:17:51 PM io.gapi.emulators.netty.HttpVersionRoutingHandler channelRead
INFO: Detected non-HTTP/2 connection.
Aug 10, 2026 11:17:51 PM io.gapi.emulators.netty.HttpVersionRoutingHandler channelRead
INFO: Detected non-HTTP/2 connection.
Aug 10, 2026 11:18:57 PM io.gapi.emulators.netty.HttpVersionRoutingHandler channelRead
INFO: Detected non-HTTP/2 connection.
Aug 10, 2026 11:18:57 PM io.gapi.emulators.netty.HttpVersionRoutingHandler channelRead
INFO: Detected non-HTTP/2 connection.
Aug 10, 2026 11:18:57 PM io.gapi.emulators.netty.HttpVersionRoutingHandler channelRead
INFO: Detected non-HTTP/2 connection.
Aug 10, 2026 11:19:43 PM io.gapi.emulators.netty.HttpVersionRoutingHandler channelRead
INFO: Detected non-HTTP/2 connection.
Aug 10, 2026 11:19:43 PM io.gapi.emulators.netty.HttpVersionRoutingHandler channelRead
INFO: Detected non-HTTP/2 connection.
Aug 10, 2026 11:19:43 PM io.gapi.emulators.netty.HttpVersionRoutingHandler channelRead
INFO: Detected non-HTTP/2 connection.
Aug 10, 2026 11:20:48 PM io.gapi.emulators.netty.HttpVersionRoutingHandler channelRead
INFO: Detected non-HTTP/2 connection.
Aug 10, 2026 11:20:48 PM io.gapi.emulators.netty.HttpVersionRoutingHandler channelRead
INFO: Detected non-HTTP/2 connection.
Aug 10, 2026 11:20:48 PM io.gapi.emulators.netty.HttpVersionRoutingHandler channelRead
INFO: Detected non-HTTP/2 connection.
Aug 10, 2026 11:21:51 PM io.gapi.emulators.netty.HttpVersionRoutingHandler channelRead
INFO: Detected non-HTTP/2 connection.
Aug 10, 2026 11:22:06 PM io.gapi.emulators.netty.HttpVersionRoutingHandler channelRead
INFO: Detected non-HTTP/2 connection.
Aug 10, 2026 11:22:06 PM io.gapi.emulators.netty.HttpVersionRoutingHandler channelRead
INFO: Detected non-HTTP/2 connection.
Aug 10, 2026 11:23:10 PM io.gapi.emulators.netty.HttpVersionRoutingHandler channelRead
INFO: Detected non-HTTP/2 connection.
Aug 10, 2026 11:23:10 PM io.gapi.emulators.netty.HttpVersionRoutingHandler channelRead
INFO: Detected non-HTTP/2 connection.
Aug 10, 2026 11:23:11 PM io.gapi.emulators.netty.HttpVersionRoutingHandler channelRead
INFO: Detected non-HTTP/2 connection.
Aug 10, 2026 11:24:16 PM io.gapi.emulators.netty.HttpVersionRoutingHandler channelRead
INFO: Detected non-HTTP/2 connection.
Aug 10, 2026 11:24:16 PM io.gapi.emulators.netty.HttpVersionRoutingHandler channelRead
INFO: Detected non-HTTP/2 connection.
Aug 10, 2026 11:24:16 PM io.gapi.emulators.netty.HttpVersionRoutingHandler channelRead
INFO: Detected non-HTTP/2 connection.
Aug 10, 2026 11:25:01 PM io.gapi.emulators.netty.HttpVersionRoutingHandler channelRead
INFO: Detected non-HTTP/2 connection.
Aug 10, 2026 11:25:01 PM io.gapi.emulators.netty.HttpVersionRoutingHandler channelRead
INFO: Detected non-HTTP/2 connection.
Aug 10, 2026 11:25:01 PM io.gapi.emulators.netty.HttpVersionRoutingHandler channelRead
INFO: Detected non-HTTP/2 connection.
Aug 10, 2026 11:26:07 PM io.gapi.emulators.netty.HttpVersionRoutingHandler channelRead
INFO: Detected non-HTTP/2 connection.
Aug 10, 2026 11:26:07 PM io.gapi.emulators.netty.HttpVersionRoutingHandler channelRead
INFO: Detected non-HTTP/2 connection.
Aug 10, 2026 11:26:07 PM io.gapi.emulators.netty.HttpVersionRoutingHandler channelRead
INFO: Detected non-HTTP/2 connection.
Aug 10, 2026 11:27:12 PM io.gapi.emulators.netty.HttpVersionRoutingHandler channelRead
INFO: Detected non-HTTP/2 connection.
Aug 10, 2026 11:27:12 PM io.gapi.emulators.netty.HttpVersionRoutingHandler channelRead
INFO: Detected non-HTTP/2 connection.
Aug 10, 2026 11:27:12 PM io.gapi.emulators.netty.HttpVersionRoutingHandler channelRead
INFO: Detected non-HTTP/2 connection.
Aug 10, 2026 11:27:57 PM io.gapi.emulators.netty.HttpVersionRoutingHandler channelRead
INFO: Detected non-HTTP/2 connection.
Aug 10, 2026 11:27:57 PM io.gapi.emulators.netty.HttpVersionRoutingHandler channelRead
INFO: Detected non-HTTP/2 connection.
Aug 10, 2026 11:27:57 PM io.gapi.emulators.netty.HttpVersionRoutingHandler channelRead
INFO: Detected non-HTTP/2 connection.
Aug 10, 2026 11:29:03 PM io.gapi.emulators.netty.HttpVersionRoutingHandler channelRead
INFO: Detected non-HTTP/2 connection.
Aug 10, 2026 11:29:03 PM io.gapi.emulators.netty.HttpVersionRoutingHandler channelRead
INFO: Detected non-HTTP/2 connection.
Aug 10, 2026 11:29:03 PM io.gapi.emulators.netty.HttpVersionRoutingHandler channelRead
INFO: Detected non-HTTP/2 connection.
Aug 10, 2026 11:30:09 PM io.gapi.emulators.netty.HttpVersionRoutingHandler channelRead
INFO: Detected non-HTTP/2 connection.
Aug 10, 2026 11:30:09 PM io.gapi.emulators.netty.HttpVersionRoutingHandler channelRead
INFO: Detected non-HTTP/2 connection.
Aug 10, 2026 11:30:09 PM io.gapi.emulators.netty.HttpVersionRoutingHandler channelRead
INFO: Detected non-HTTP/2 connection.
Aug 10, 2026 11:30:54 PM io.gapi.emulators.netty.HttpVersionRoutingHandler channelRead
INFO: Detected non-HTTP/2 connection.
Aug 10, 2026 11:30:54 PM io.gapi.emulators.netty.HttpVersionRoutingHandler channelRead
INFO: Detected non-HTTP/2 connection.
Aug 10, 2026 11:30:54 PM io.gapi.emulators.netty.HttpVersionRoutingHandler channelRead
INFO: Detected non-HTTP/2 connection.
Aug 10, 2026 11:32:00 PM io.gapi.emulators.netty.HttpVersionRoutingHandler channelRead
INFO: Detected non-HTTP/2 connection.
Aug 10, 2026 11:32:01 PM io.gapi.emulators.netty.HttpVersionRoutingHandler channelRead
INFO: Detected non-HTTP/2 connection.
Aug 10, 2026 11:32:01 PM io.gapi.emulators.netty.HttpVersionRoutingHandler channelRead
INFO: Detected non-HTTP/2 connection.
Aug 10, 2026 11:33:12 PM io.gapi.emulators.netty.HttpVersionRoutingHandler channelRead
INFO: Detected non-HTTP/2 connection.
Aug 10, 2026 11:33:13 PM io.gapi.emulators.netty.HttpVersionRoutingHandler channelRead
INFO: Detected non-HTTP/2 connection.
Aug 10, 2026 11:33:18 PM io.gapi.emulators.netty.HttpVersionRoutingHandler channelRead
INFO: Detected non-HTTP/2 connection.
Aug 10, 2026 11:34:16 PM io.gapi.emulators.netty.HttpVersionRoutingHandler channelRead
INFO: Detected non-HTTP/2 connection.
Aug 10, 2026 11:34:27 PM io.gapi.emulators.netty.HttpVersionRoutingHandler channelRead
INFO: Detected non-HTTP/2 connection.
Aug 10, 2026 11:34:36 PM io.gapi.emulators.netty.HttpVersionRoutingHandler channelRead
INFO: Detected non-HTTP/2 connection.
Aug 10, 2026 11:35:02 PM io.gapi.emulators.netty.HttpVersionRoutingHandler channelRead
INFO: Detected non-HTTP/2 connection.
Aug 10, 2026 11:35:25 PM io.gapi.emulators.netty.HttpVersionRoutingHandler channelRead
INFO: Detected non-HTTP/2 connection.
Aug 10, 2026 11:35:46 PM io.gapi.emulators.netty.HttpVersionRoutingHandler channelRead
INFO: Detected non-HTTP/2 connection.
Aug 10, 2026 11:36:25 PM io.gapi.emulators.netty.HttpVersionRoutingHandler channelRead
INFO: Detected non-HTTP/2 connection.
Aug 10, 2026 11:36:42 PM io.gapi.emulators.netty.HttpVersionRoutingHandler channelRead
INFO: Detected non-HTTP/2 connection.
Aug 10, 2026 11:36:59 PM io.gapi.emulators.netty.HttpVersionRoutingHandler channelRead
INFO: Detected non-HTTP/2 connection.
Aug 10, 2026 11:37:09 PM io.gapi.emulators.netty.HttpVersionRoutingHandler channelRead
INFO: Detected non-HTTP/2 connection.
Aug 10, 2026 11:37:30 PM io.gapi.emulators.netty.HttpVersionRoutingHandler channelRead
INFO: Detected non-HTTP/2 connection.
Aug 10, 2026 11:37:58 PM io.gapi.emulators.netty.HttpVersionRoutingHandler channelRead
INFO: Detected non-HTTP/2 connection.
Aug 10, 2026 11:38:16 PM io.gapi.emulators.netty.HttpVersionRoutingHandler channelRead
INFO: Detected non-HTTP/2 connection.
Aug 10, 2026 11:38:47 PM io.gapi.emulators.netty.HttpVersionRoutingHandler channelRead
INFO: Detected non-HTTP/2 connection.
Aug 10, 2026 11:39:02 PM io.gapi.emulators.netty.HttpVersionRoutingHandler channelRead
INFO: Detected non-HTTP/2 connection.
Aug 10, 2026 11:39:13 PM io.gapi.emulators.netty.HttpVersionRoutingHandler channelRead
INFO: Detected non-HTTP/2 connection.
Aug 10, 2026 11:39:50 PM io.gapi.emulators.netty.HttpVersionRoutingHandler channelRead
INFO: Detected non-HTTP/2 connection.
Aug 10, 2026 11:40:01 PM io.gapi.emulators.netty.HttpVersionRoutingHandler channelRead
INFO: Detected non-HTTP/2 connection.
Aug 10, 2026 11:40:04 PM io.gapi.emulators.netty.HttpVersionRoutingHandler channelRead
INFO: Detected non-HTTP/2 connection.
Aug 10, 2026 11:40:48 PM io.gapi.emulators.netty.HttpVersionRoutingHandler channelRead
INFO: Detected non-HTTP/2 connection.
Aug 10, 2026 11:40:52 PM io.gapi.emulators.netty.HttpVersionRoutingHandler channelRead
INFO: Detected non-HTTP/2 connection.
Aug 10, 2026 11:40:55 PM io.gapi.emulators.netty.HttpVersionRoutingHandler channelRead
INFO: Detected non-HTTP/2 connection.
Aug 10, 2026 11:41:37 PM io.gapi.emulators.netty.HttpVersionRoutingHandler channelRead
INFO: Detected non-HTTP/2 connection.
Aug 10, 2026 11:41:40 PM io.gapi.emulators.netty.HttpVersionRoutingHandler channelRead
INFO: Detected non-HTTP/2 connection.
Aug 10, 2026 11:42:03 PM io.gapi.emulators.netty.HttpVersionRoutingHandler channelRead
INFO: Detected non-HTTP/2 connection.
Aug 10, 2026 11:42:25 PM io.gapi.emulators.netty.HttpVersionRoutingHandler channelRead
INFO: Detected non-HTTP/2 connection.
Aug 10, 2026 11:42:52 PM io.gapi.emulators.netty.HttpVersionRoutingHandler channelRead
INFO: Detected non-HTTP/2 connection.
Aug 10, 2026 11:42:59 PM io.gapi.emulators.netty.HttpVersionRoutingHandler channelRead
INFO: Detected non-HTTP/2 connection.
Aug 10, 2026 11:43:10 PM io.gapi.emulators.netty.HttpVersionRoutingHandler channelRead
INFO: Detected non-HTTP/2 connection.
Aug 10, 2026 11:43:38 PM io.gapi.emulators.netty.HttpVersionRoutingHandler channelRead
INFO: Detected non-HTTP/2 connection.
Aug 10, 2026 11:43:59 PM io.gapi.emulators.netty.HttpVersionRoutingHandler channelRead
INFO: Detected non-HTTP/2 connection.
Aug 10, 2026 11:44:28 PM io.gapi.emulators.netty.HttpVersionRoutingHandler channelRead
INFO: Detected non-HTTP/2 connection.
Aug 10, 2026 11:44:41 PM io.gapi.emulators.netty.HttpVersionRoutingHandler channelRead
INFO: Detected non-HTTP/2 connection.
Aug 10, 2026 11:45:01 PM io.gapi.emulators.netty.HttpVersionRoutingHandler channelRead
INFO: Detected non-HTTP/2 connection.
Aug 10, 2026 11:45:26 PM io.gapi.emulators.netty.HttpVersionRoutingHandler channelRead
INFO: Detected non-HTTP/2 connection.
Aug 10, 2026 11:45:48 PM io.gapi.emulators.netty.HttpVersionRoutingHandler channelRead
INFO: Detected non-HTTP/2 connection.
Aug 10, 2026 11:45:49 PM io.gapi.emulators.netty.HttpVersionRoutingHandler channelRead
INFO: Detected non-HTTP/2 connection.
Aug 10, 2026 11:46:36 PM io.gapi.emulators.netty.HttpVersionRoutingHandler channelRead
INFO: Detected non-HTTP/2 connection.
Aug 10, 2026 11:46:36 PM io.gapi.emulators.netty.HttpVersionRoutingHandler channelRead
INFO: Detected non-HTTP/2 connection.
Aug 10, 2026 11:46:45 PM io.gapi.emulators.netty.HttpVersionRoutingHandler channelRead
INFO: Detected non-HTTP/2 connection.
Aug 10, 2026 11:47:33 PM io.gapi.emulators.netty.HttpVersionRoutingHandler channelRead
INFO: Detected non-HTTP/2 connection.
Aug 10, 2026 11:47:40 PM io.gapi.emulators.netty.HttpVersionRoutingHandler channelRead
INFO: Detected non-HTTP/2 connection.
Aug 10, 2026 11:47:40 PM io.gapi.emulators.netty.HttpVersionRoutingHandler channelRead
INFO: Detected non-HTTP/2 connection.
Aug 10, 2026 11:48:16 PM io.gapi.emulators.netty.HttpVersionRoutingHandler channelRead
INFO: Detected non-HTTP/2 connection.
Aug 10, 2026 11:48:27 PM io.gapi.emulators.netty.HttpVersionRoutingHandler channelRead
INFO: Detected non-HTTP/2 connection.
Aug 10, 2026 11:48:27 PM io.gapi.emulators.netty.HttpVersionRoutingHandler channelRead
INFO: Detected non-HTTP/2 connection.
Aug 10, 2026 11:49:28 PM io.gapi.emulators.netty.HttpVersionRoutingHandler channelRead
INFO: Detected non-HTTP/2 connection.
Aug 10, 2026 11:49:28 PM io.gapi.emulators.netty.HttpVersionRoutingHandler channelRead
INFO: Detected non-HTTP/2 connection.
Aug 10, 2026 11:49:32 PM io.gapi.emulators.netty.HttpVersionRoutingHandler channelRead
INFO: Detected non-HTTP/2 connection.
Aug 10, 2026 11:50:45 PM io.gapi.emulators.netty.HttpVersionRoutingHandler channelRead
INFO: Detected non-HTTP/2 connection.
Aug 10, 2026 11:50:45 PM io.gapi.emulators.netty.HttpVersionRoutingHandler channelRead
INFO: Detected non-HTTP/2 connection.
Aug 10, 2026 11:50:45 PM io.gapi.emulators.netty.HttpVersionRoutingHandler channelRead
INFO: Detected non-HTTP/2 connection.
Aug 10, 2026 11:52:04 PM io.gapi.emulators.netty.HttpVersionRoutingHandler channelRead
INFO: Detected non-HTTP/2 connection.
Aug 10, 2026 11:52:04 PM io.gapi.emulators.netty.HttpVersionRoutingHandler channelRead
INFO: Detected non-HTTP/2 connection.
Aug 10, 2026 11:52:04 PM io.gapi.emulators.netty.HttpVersionRoutingHandler channelRead
INFO: Detected non-HTTP/2 connection.
Aug 10, 2026 11:52:49 PM io.gapi.emulators.netty.HttpVersionRoutingHandler channelRead
INFO: Detected non-HTTP/2 connection.
Aug 10, 2026 11:52:50 PM io.gapi.emulators.netty.HttpVersionRoutingHandler channelRead
INFO: Detected non-HTTP/2 connection.
Aug 10, 2026 11:53:08 PM io.gapi.emulators.netty.HttpVersionRoutingHandler channelRead
INFO: Detected non-HTTP/2 connection.
Aug 10, 2026 11:53:55 PM io.gapi.emulators.netty.HttpVersionRoutingHandler channelRead
INFO: Detected non-HTTP/2 connection.
Aug 10, 2026 11:53:55 PM io.gapi.emulators.netty.HttpVersionRoutingHandler channelRead
INFO: Detected non-HTTP/2 connection.
Aug 10, 2026 11:53:55 PM io.gapi.emulators.netty.HttpVersionRoutingHandler channelRead
INFO: Detected non-HTTP/2 connection.
Aug 10, 2026 11:55:01 PM io.gapi.emulators.netty.HttpVersionRoutingHandler channelRead
INFO: Detected non-HTTP/2 connection.
Aug 10, 2026 11:55:01 PM io.gapi.emulators.netty.HttpVersionRoutingHandler channelRead
INFO: Detected non-HTTP/2 connection.
Aug 10, 2026 11:55:01 PM io.gapi.emulators.netty.HttpVersionRoutingHandler channelRead
INFO: Detected non-HTTP/2 connection.
Aug 10, 2026 11:55:43 PM io.gapi.emulators.netty.HttpVersionRoutingHandler channelRead
INFO: Detected non-HTTP/2 connection.
Aug 10, 2026 11:55:44 PM io.gapi.emulators.netty.HttpVersionRoutingHandler channelRead
INFO: Detected non-HTTP/2 connection.
Aug 10, 2026 11:56:06 PM io.gapi.emulators.netty.HttpVersionRoutingHandler channelRead
INFO: Detected non-HTTP/2 connection.
Aug 10, 2026 11:56:32 PM io.gapi.emulators.netty.HttpVersionRoutingHandler channelRead
INFO: Detected non-HTTP/2 connection.
Aug 10, 2026 11:56:33 PM io.gapi.emulators.netty.HttpVersionRoutingHandler channelRead
INFO: Detected non-HTTP/2 connection.
Aug 10, 2026 11:56:52 PM io.gapi.emulators.netty.HttpVersionRoutingHandler channelRead
INFO: Detected non-HTTP/2 connection.
Aug 10, 2026 11:57:19 PM io.gapi.emulators.netty.HttpVersionRoutingHandler channelRead
INFO: Detected non-HTTP/2 connection.
Aug 10, 2026 11:57:47 PM io.gapi.emulators.netty.HttpVersionRoutingHandler channelRead
INFO: Detected non-HTTP/2 connection.
Aug 10, 2026 11:58:01 PM io.gapi.emulators.netty.HttpVersionRoutingHandler channelRead
INFO: Detected non-HTTP/2 connection.
Aug 10, 2026 11:58:12 PM io.gapi.emulators.netty.HttpVersionRoutingHandler channelRead
INFO: Detected non-HTTP/2 connection.
Aug 10, 2026 11:58:56 PM io.gapi.emulators.netty.HttpVersionRoutingHandler channelRead
INFO: Detected non-HTTP/2 connection.
Aug 10, 2026 11:59:04 PM io.gapi.emulators.netty.HttpVersionRoutingHandler channelRead
INFO: Detected non-HTTP/2 connection.
Aug 10, 2026 11:59:13 PM io.gapi.emulators.netty.HttpVersionRoutingHandler channelRead
INFO: Detected non-HTTP/2 connection.
Aug 10, 2026 11:59:34 PM io.gapi.emulators.netty.HttpVersionRoutingHandler channelRead
INFO: Detected non-HTTP/2 connection.
Aug 10, 2026 11:59:35 PM io.gapi.emulators.netty.HttpVersionRoutingHandler channelRead
INFO: Detected non-HTTP/2 connection.
Aug 10, 2026 11:59:37 PM io.gapi.emulators.netty.HttpVersionRoutingHandler channelRead
INFO: Detected non-HTTP/2 connection.
Aug 10, 2026 11:59:37 PM io.gapi.emulators.netty.HttpVersionRoutingHandler channelRead
INFO: Detected non-HTTP/2 connection.
Aug 10, 2026 11:59:38 PM io.gapi.emulators.netty.HttpVersionRoutingHandler channelRead
INFO: Detected non-HTTP/2 connection.
Aug 11, 2026 12:00:01 AM io.gapi.emulators.netty.HttpVersionRoutingHandler channelRead
INFO: Detected non-HTTP/2 connection.
Aug 11, 2026 12:00:01 AM io.gapi.emulators.netty.HttpVersionRoutingHandler channelRead
INFO: Detected non-HTTP/2 connection.
Aug 11, 2026 12:00:09 AM io.gapi.emulators.netty.HttpVersionRoutingHandler channelRead
INFO: Detected non-HTTP/2 connection.
Aug 11, 2026 12:00:44 AM io.gapi.emulators.netty.HttpVersionRoutingHandler channelRead
INFO: Detected non-HTTP/2 connection.
Aug 11, 2026 12:00:45 AM io.gapi.emulators.netty.HttpVersionRoutingHandler channelRead
INFO: Detected non-HTTP/2 connection.
Aug 11, 2026 12:00:45 AM io.gapi.emulators.netty.HttpVersionRoutingHandler channelRead
INFO: Detected non-HTTP/2 connection.
Aug 11, 2026 12:00:54 AM io.gapi.emulators.netty.HttpVersionRoutingHandler channelRead
INFO: Detected non-HTTP/2 connection.
Aug 11, 2026 12:00:55 AM io.gapi.emulators.netty.HttpVersionRoutingHandler channelRead
INFO: Detected non-HTTP/2 connection.
Aug 11, 2026 12:00:55 AM io.gapi.emulators.netty.HttpVersionRoutingHandler channelRead
INFO: Detected non-HTTP/2 connection.
Aug 11, 2026 12:00:56 AM io.gapi.emulators.netty.HttpVersionRoutingHandler channelRead
INFO: Detected non-HTTP/2 connection.
Aug 11, 2026 12:00:56 AM io.gapi.emulators.netty.HttpVersionRoutingHandler channelRead
INFO: Detected non-HTTP/2 connection.
Aug 11, 2026 12:01:08 AM io.gapi.emulators.netty.HttpVersionRoutingHandler channelRead
INFO: Detected non-HTTP/2 connection.
Aug 11, 2026 12:01:08 AM io.gapi.emulators.netty.HttpVersionRoutingHandler channelRead
INFO: Detected non-HTTP/2 connection.
Aug 11, 2026 12:01:27 AM io.gapi.emulators.netty.HttpVersionRoutingHandler channelRead
INFO: Detected non-HTTP/2 connection.
Aug 11, 2026 12:01:27 AM io.gapi.emulators.netty.HttpVersionRoutingHandler channelRead
INFO: Detected non-HTTP/2 connection.
Aug 11, 2026 12:01:28 AM io.gapi.emulators.netty.HttpVersionRoutingHandler channelRead
INFO: Detected non-HTTP/2 connection.
Aug 11, 2026 12:01:29 AM io.gapi.emulators.netty.HttpVersionRoutingHandler channelRead
INFO: Detected non-HTTP/2 connection.
Aug 11, 2026 12:01:29 AM io.gapi.emulators.netty.HttpVersionRoutingHandler channelRead
INFO: Detected non-HTTP/2 connection.
Aug 11, 2026 12:01:29 AM io.gapi.emulators.netty.HttpVersionRoutingHandler channelRead
INFO: Detected non-HTTP/2 connection.
Aug 11, 2026 12:01:29 AM com.google.cloud.datastore.emulator.firestore.webchannel.FirestoreV1WebChannelAdapter$FirestoreListenHandler onClose
INFO: channel closed
Aug 11, 2026 12:01:29 AM io.gapi.emulators.netty.HttpVersionRoutingHandler channelRead
INFO: Detected non-HTTP/2 connection.
Aug 11, 2026 12:01:29 AM io.gapi.emulators.netty.HttpVersionRoutingHandler channelRead
INFO: Detected non-HTTP/2 connection.
Aug 11, 2026 12:01:29 AM io.gapi.emulators.netty.HttpVersionRoutingHandler channelRead
INFO: Detected non-HTTP/2 connection.
Aug 11, 2026 12:01:32 AM io.gapi.emulators.netty.HttpVersionRoutingHandler channelRead
INFO: Detected non-HTTP/2 connection.
Aug 11, 2026 12:01:32 AM io.gapi.emulators.netty.HttpVersionRoutingHandler channelRead
INFO: Detected non-HTTP/2 connection.
Aug 11, 2026 12:01:32 AM io.gapi.emulators.netty.HttpVersionRoutingHandler channelRead
INFO: Detected non-HTTP/2 connection.
Aug 11, 2026 12:01:33 AM io.gapi.emulators.netty.HttpVersionRoutingHandler channelRead
INFO: Detected non-HTTP/2 connection.
Aug 11, 2026 12:01:33 AM io.gapi.emulators.netty.HttpVersionRoutingHandler channelRead
INFO: Detected non-HTTP/2 connection.
Aug 11, 2026 12:01:34 AM io.gapi.emulators.netty.HttpVersionRoutingHandler channelRead
INFO: Detected non-HTTP/2 connection.
Aug 11, 2026 12:01:34 AM io.gapi.emulators.netty.HttpVersionRoutingHandler channelRead
INFO: Detected non-HTTP/2 connection.
Aug 11, 2026 12:01:34 AM io.gapi.emulators.netty.HttpVersionRoutingHandler channelRead
INFO: Detected non-HTTP/2 connection.
Aug 11, 2026 12:01:34 AM io.gapi.emulators.netty.HttpVersionRoutingHandler channelRead
INFO: Detected non-HTTP/2 connection.
Aug 11, 2026 12:01:34 AM io.gapi.emulators.netty.HttpVersionRoutingHandler channelRead
INFO: Detected non-HTTP/2 connection.
Aug 11, 2026 12:01:48 AM io.gapi.emulators.netty.HttpVersionRoutingHandler channelRead
INFO: Detected non-HTTP/2 connection.
Aug 11, 2026 12:01:48 AM io.gapi.emulators.netty.HttpVersionRoutingHandler channelRead
INFO: Detected non-HTTP/2 connection.
Aug 11, 2026 12:01:48 AM io.gapi.emulators.netty.HttpVersionRoutingHandler channelRead
INFO: Detected non-HTTP/2 connection.
Aug 11, 2026 12:01:57 AM io.gapi.emulators.netty.HttpVersionRoutingHandler channelRead
INFO: Detected non-HTTP/2 connection.
Aug 11, 2026 12:01:57 AM io.gapi.emulators.netty.HttpVersionRoutingHandler channelRead
INFO: Detected non-HTTP/2 connection.
Aug 11, 2026 12:01:57 AM io.gapi.emulators.netty.HttpVersionRoutingHandler channelRead
INFO: Detected non-HTTP/2 connection.
Aug 11, 2026 12:02:00 AM io.gapi.emulators.netty.HttpVersionRoutingHandler channelRead
INFO: Detected non-HTTP/2 connection.
Aug 11, 2026 12:02:00 AM io.gapi.emulators.netty.HttpVersionRoutingHandler channelRead
INFO: Detected non-HTTP/2 connection.
Aug 11, 2026 12:02:00 AM io.gapi.emulators.netty.HttpVersionRoutingHandler channelRead
INFO: Detected non-HTTP/2 connection.
Aug 11, 2026 12:02:00 AM io.gapi.emulators.netty.HttpVersionRoutingHandler channelRead
INFO: Detected non-HTTP/2 connection.
Aug 11, 2026 12:02:00 AM io.gapi.emulators.netty.HttpVersionRoutingHandler channelRead
INFO: Detected non-HTTP/2 connection.
Aug 11, 2026 12:02:01 AM io.gapi.emulators.netty.HttpVersionRoutingHandler channelRead
INFO: Detected non-HTTP/2 connection.
Aug 11, 2026 12:02:01 AM io.gapi.emulators.netty.HttpVersionRoutingHandler channelRead
INFO: Detected non-HTTP/2 connection.
Aug 11, 2026 12:02:03 AM io.gapi.emulators.netty.HttpVersionRoutingHandler channelRead
INFO: Detected non-HTTP/2 connection.
Aug 11, 2026 12:02:03 AM io.gapi.emulators.netty.HttpVersionRoutingHandler channelRead
INFO: Detected non-HTTP/2 connection.
Aug 11, 2026 12:02:03 AM io.gapi.emulators.netty.HttpVersionRoutingHandler channelRead
INFO: Detected non-HTTP/2 connection.
Aug 11, 2026 12:02:03 AM io.gapi.emulators.netty.HttpVersionRoutingHandler channelRead
INFO: Detected non-HTTP/2 connection.
Aug 11, 2026 12:02:03 AM io.gapi.emulators.netty.HttpVersionRoutingHandler channelRead
INFO: Detected non-HTTP/2 connection.
Aug 11, 2026 12:02:03 AM io.gapi.emulators.netty.HttpVersionRoutingHandler channelRead
INFO: Detected non-HTTP/2 connection.
Aug 11, 2026 12:02:05 AM io.gapi.emulators.netty.HttpVersionRoutingHandler channelRead
INFO: Detected non-HTTP/2 connection.
Aug 11, 2026 12:02:05 AM io.gapi.emulators.netty.HttpVersionRoutingHandler channelRead
INFO: Detected non-HTTP/2 connection.
Aug 11, 2026 12:02:05 AM io.gapi.emulators.netty.HttpVersionRoutingHandler channelRead
INFO: Detected non-HTTP/2 connection.
Aug 11, 2026 12:02:06 AM io.gapi.emulators.netty.HttpVersionRoutingHandler channelRead
INFO: Detected non-HTTP/2 connection.
Aug 11, 2026 12:02:06 AM io.gapi.emulators.netty.HttpVersionRoutingHandler channelRead
INFO: Detected non-HTTP/2 connection.
Aug 11, 2026 12:02:09 AM io.gapi.emulators.netty.HttpVersionRoutingHandler channelRead
INFO: Detected non-HTTP/2 connection.
Aug 11, 2026 12:02:09 AM io.gapi.emulators.netty.HttpVersionRoutingHandler channelRead
INFO: Detected non-HTTP/2 connection.
Aug 11, 2026 12:02:09 AM io.gapi.emulators.netty.HttpVersionRoutingHandler channelRead
INFO: Detected non-HTTP/2 connection.
Aug 11, 2026 12:02:09 AM io.gapi.emulators.netty.HttpVersionRoutingHandler channelRead
INFO: Detected non-HTTP/2 connection.
Aug 11, 2026 12:02:14 AM io.gapi.emulators.netty.HttpVersionRoutingHandler channelRead
INFO: Detected non-HTTP/2 connection.
Aug 11, 2026 12:02:14 AM io.gapi.emulators.netty.HttpVersionRoutingHandler channelRead
INFO: Detected non-HTTP/2 connection.
Aug 11, 2026 12:02:21 AM io.gapi.emulators.netty.HttpVersionRoutingHandler channelRead
INFO: Detected non-HTTP/2 connection.
Aug 11, 2026 12:02:21 AM io.gapi.emulators.netty.HttpVersionRoutingHandler channelRead
INFO: Detected non-HTTP/2 connection.
Aug 11, 2026 12:02:21 AM io.gapi.emulators.netty.HttpVersionRoutingHandler channelRead
INFO: Detected non-HTTP/2 connection.
Aug 11, 2026 12:02:22 AM io.gapi.emulators.netty.HttpVersionRoutingHandler channelRead
INFO: Detected non-HTTP/2 connection.
Aug 11, 2026 12:02:22 AM io.gapi.emulators.netty.HttpVersionRoutingHandler channelRead
INFO: Detected non-HTTP/2 connection.
Aug 11, 2026 12:02:22 AM io.gapi.emulators.netty.HttpVersionRoutingHandler channelRead
INFO: Detected non-HTTP/2 connection.
Aug 11, 2026 12:02:32 AM io.gapi.emulators.netty.HttpVersionRoutingHandler channelRead
INFO: Detected non-HTTP/2 connection.
Aug 11, 2026 12:02:32 AM com.google.cloud.datastore.emulator.firestore.webchannel.FirestoreV1WebChannelAdapter$FirestoreWriteHandler onClose
INFO: channel closed
Aug 11, 2026 12:03:03 AM io.gapi.emulators.netty.HttpVersionRoutingHandler channelRead
INFO: Detected non-HTTP/2 connection.
Aug 11, 2026 12:03:10 AM io.gapi.emulators.netty.HttpVersionRoutingHandler channelRead
INFO: Detected non-HTTP/2 connection.
Aug 11, 2026 12:03:12 AM io.gapi.emulators.netty.HttpVersionRoutingHandler channelRead
INFO: Detected non-HTTP/2 connection.
Aug 11, 2026 12:03:18 AM io.gapi.emulators.netty.HttpVersionRoutingHandler channelRead
INFO: Detected non-HTTP/2 connection.
Aug 11, 2026 12:03:18 AM io.gapi.emulators.netty.HttpVersionRoutingHandler channelRead
INFO: Detected non-HTTP/2 connection.
Aug 11, 2026 12:03:18 AM io.gapi.emulators.netty.HttpVersionRoutingHandler channelRead
INFO: Detected non-HTTP/2 connection.
Aug 11, 2026 12:03:24 AM io.gapi.emulators.netty.HttpVersionRoutingHandler channelRead
INFO: Detected non-HTTP/2 connection.
Aug 11, 2026 12:03:25 AM io.gapi.emulators.netty.HttpVersionRoutingHandler channelRead
INFO: Detected non-HTTP/2 connection.
Aug 11, 2026 12:03:26 AM io.gapi.emulators.netty.HttpVersionRoutingHandler channelRead
INFO: Detected non-HTTP/2 connection.
Aug 11, 2026 12:03:26 AM io.gapi.emulators.netty.HttpVersionRoutingHandler channelRead
INFO: Detected non-HTTP/2 connection.
Aug 11, 2026 12:03:30 AM io.gapi.emulators.netty.HttpVersionRoutingHandler channelRead
INFO: Detected non-HTTP/2 connection.
Aug 11, 2026 12:03:30 AM io.gapi.emulators.netty.HttpVersionRoutingHandler channelRead
INFO: Detected non-HTTP/2 connection.
Aug 11, 2026 12:03:31 AM io.gapi.emulators.netty.HttpVersionRoutingHandler channelRead
INFO: Detected non-HTTP/2 connection.
Aug 11, 2026 12:03:49 AM io.gapi.emulators.netty.HttpVersionRoutingHandler channelRead
INFO: Detected non-HTTP/2 connection.
Aug 11, 2026 12:04:15 AM io.gapi.emulators.netty.HttpVersionRoutingHandler channelRead
INFO: Detected non-HTTP/2 connection.
Aug 11, 2026 12:04:16 AM io.gapi.emulators.netty.HttpVersionRoutingHandler channelRead
INFO: Detected non-HTTP/2 connection.
Aug 11, 2026 12:04:17 AM io.gapi.emulators.netty.HttpVersionRoutingHandler channelRead
INFO: Detected non-HTTP/2 connection.
Aug 11, 2026 12:04:17 AM io.gapi.emulators.netty.HttpVersionRoutingHandler channelRead
INFO: Detected non-HTTP/2 connection.
Aug 11, 2026 12:04:17 AM io.gapi.emulators.netty.HttpVersionRoutingHandler channelRead
INFO: Detected non-HTTP/2 connection.
Aug 11, 2026 12:04:18 AM io.gapi.emulators.netty.HttpVersionRoutingHandler channelRead
INFO: Detected non-HTTP/2 connection.
Aug 11, 2026 12:04:18 AM io.gapi.emulators.netty.HttpVersionRoutingHandler channelRead
INFO: Detected non-HTTP/2 connection.
Aug 11, 2026 12:04:18 AM io.gapi.emulators.netty.HttpVersionRoutingHandler channelRead
INFO: Detected non-HTTP/2 connection.
Aug 11, 2026 12:04:19 AM io.gapi.emulators.netty.HttpVersionRoutingHandler channelRead
INFO: Detected non-HTTP/2 connection.
Aug 11, 2026 12:04:19 AM io.gapi.emulators.netty.HttpVersionRoutingHandler channelRead
INFO: Detected non-HTTP/2 connection.
Aug 11, 2026 12:04:20 AM io.gapi.emulators.netty.HttpVersionRoutingHandler channelRead
INFO: Detected non-HTTP/2 connection.
Aug 11, 2026 12:04:20 AM io.gapi.emulators.netty.HttpVersionRoutingHandler channelRead
INFO: Detected non-HTTP/2 connection.
Aug 11, 2026 12:04:21 AM io.gapi.emulators.netty.HttpVersionRoutingHandler channelRead
INFO: Detected non-HTTP/2 connection.
Aug 11, 2026 12:04:21 AM io.gapi.emulators.netty.HttpVersionRoutingHandler channelRead
INFO: Detected non-HTTP/2 connection.
Aug 11, 2026 12:04:22 AM io.gapi.emulators.netty.HttpVersionRoutingHandler channelRead
INFO: Detected non-HTTP/2 connection.
Aug 11, 2026 12:04:22 AM io.gapi.emulators.netty.HttpVersionRoutingHandler channelRead
INFO: Detected non-HTTP/2 connection.
Aug 11, 2026 12:04:22 AM io.gapi.emulators.netty.HttpVersionRoutingHandler channelRead
INFO: Detected non-HTTP/2 connection.
Aug 11, 2026 12:04:25 AM io.gapi.emulators.netty.HttpVersionRoutingHandler channelRead
INFO: Detected non-HTTP/2 connection.
Aug 11, 2026 12:04:25 AM io.gapi.emulators.netty.HttpVersionRoutingHandler channelRead
INFO: Detected non-HTTP/2 connection.
Aug 11, 2026 12:04:25 AM io.gapi.emulators.netty.HttpVersionRoutingHandler channelRead
INFO: Detected non-HTTP/2 connection.
Aug 11, 2026 12:04:25 AM io.gapi.emulators.netty.HttpVersionRoutingHandler channelRead
INFO: Detected non-HTTP/2 connection.
Aug 11, 2026 12:04:45 AM io.gapi.emulators.netty.HttpVersionRoutingHandler channelRead
INFO: Detected non-HTTP/2 connection.
Aug 11, 2026 12:04:45 AM io.gapi.emulators.netty.HttpVersionRoutingHandler channelRead
INFO: Detected non-HTTP/2 connection.
Aug 11, 2026 12:04:46 AM io.gapi.emulators.netty.HttpVersionRoutingHandler channelRead
INFO: Detected non-HTTP/2 connection.
Aug 11, 2026 12:04:53 AM io.gapi.emulators.netty.HttpVersionRoutingHandler channelRead
INFO: Detected non-HTTP/2 connection.
Aug 11, 2026 12:04:53 AM io.gapi.emulators.netty.HttpVersionRoutingHandler channelRead
INFO: Detected non-HTTP/2 connection.
Aug 11, 2026 12:04:54 AM io.gapi.emulators.netty.HttpVersionRoutingHandler channelRead
INFO: Detected non-HTTP/2 connection.
Aug 11, 2026 12:04:54 AM io.gapi.emulators.netty.HttpVersionRoutingHandler channelRead
INFO: Detected non-HTTP/2 connection.
Aug 11, 2026 12:04:56 AM io.gapi.emulators.netty.HttpVersionRoutingHandler channelRead
INFO: Detected non-HTTP/2 connection.
Aug 11, 2026 12:04:57 AM io.gapi.emulators.netty.HttpVersionRoutingHandler channelRead
INFO: Detected non-HTTP/2 connection.
Aug 11, 2026 12:04:57 AM io.gapi.emulators.netty.HttpVersionRoutingHandler channelRead
INFO: Detected non-HTTP/2 connection.
Aug 11, 2026 12:04:57 AM io.gapi.emulators.netty.HttpVersionRoutingHandler channelRead
INFO: Detected non-HTTP/2 connection.
Aug 11, 2026 12:05:01 AM io.gapi.emulators.netty.HttpVersionRoutingHandler channelRead
INFO: Detected non-HTTP/2 connection.
Aug 11, 2026 12:05:01 AM io.gapi.emulators.netty.HttpVersionRoutingHandler channelRead
INFO: Detected non-HTTP/2 connection.
Aug 11, 2026 12:05:01 AM io.gapi.emulators.netty.HttpVersionRoutingHandler channelRead
INFO: Detected non-HTTP/2 connection.
Aug 11, 2026 12:05:08 AM io.gapi.emulators.netty.HttpVersionRoutingHandler channelRead
INFO: Detected non-HTTP/2 connection.
Aug 11, 2026 12:05:31 AM io.gapi.emulators.netty.HttpVersionRoutingHandler channelRead
INFO: Detected non-HTTP/2 connection.
Aug 11, 2026 12:05:37 AM io.gapi.emulators.netty.HttpVersionRoutingHandler channelRead
INFO: Detected non-HTTP/2 connection.
Aug 11, 2026 12:05:37 AM io.gapi.emulators.netty.HttpVersionRoutingHandler channelRead
INFO: Detected non-HTTP/2 connection.
Aug 11, 2026 12:05:38 AM io.gapi.emulators.netty.HttpVersionRoutingHandler channelRead
INFO: Detected non-HTTP/2 connection.
Aug 11, 2026 12:05:38 AM io.gapi.emulators.netty.HttpVersionRoutingHandler channelRead
INFO: Detected non-HTTP/2 connection.
Aug 11, 2026 12:05:39 AM io.gapi.emulators.netty.HttpVersionRoutingHandler channelRead
INFO: Detected non-HTTP/2 connection.
Aug 11, 2026 12:05:55 AM io.gapi.emulators.netty.HttpVersionRoutingHandler channelRead
INFO: Detected non-HTTP/2 connection.
Aug 11, 2026 12:06:26 AM io.gapi.emulators.netty.HttpVersionRoutingHandler channelRead
INFO: Detected non-HTTP/2 connection.
Aug 11, 2026 12:06:50 AM io.gapi.emulators.netty.HttpVersionRoutingHandler channelRead
INFO: Detected non-HTTP/2 connection.
Aug 11, 2026 12:06:57 AM io.gapi.emulators.netty.HttpVersionRoutingHandler channelRead
INFO: Detected non-HTTP/2 connection.
Aug 11, 2026 12:07:12 AM io.gapi.emulators.netty.HttpVersionRoutingHandler channelRead
INFO: Detected non-HTTP/2 connection.
Aug 11, 2026 12:07:13 AM io.gapi.emulators.netty.HttpVersionRoutingHandler channelRead
INFO: Detected non-HTTP/2 connection.
Aug 11, 2026 12:07:13 AM io.gapi.emulators.netty.HttpVersionRoutingHandler channelRead
INFO: Detected non-HTTP/2 connection.
Aug 11, 2026 12:07:13 AM io.gapi.emulators.netty.HttpVersionRoutingHandler channelRead
INFO: Detected non-HTTP/2 connection.
Aug 11, 2026 12:07:43 AM io.gapi.emulators.netty.HttpVersionRoutingHandler channelRead
INFO: Detected non-HTTP/2 connection.
Aug 11, 2026 12:07:59 AM io.gapi.emulators.netty.HttpVersionRoutingHandler channelRead
INFO: Detected non-HTTP/2 connection.
Aug 11, 2026 12:08:06 AM io.gapi.emulators.netty.HttpVersionRoutingHandler channelRead
INFO: Detected non-HTTP/2 connection.
Aug 11, 2026 12:08:44 AM io.gapi.emulators.netty.HttpVersionRoutingHandler channelRead
INFO: Detected non-HTTP/2 connection.
Aug 11, 2026 12:08:52 AM io.gapi.emulators.netty.HttpVersionRoutingHandler channelRead
INFO: Detected non-HTTP/2 connection.
Aug 11, 2026 12:08:58 AM io.gapi.emulators.netty.HttpVersionRoutingHandler channelRead
INFO: Detected non-HTTP/2 connection.
Aug 11, 2026 12:09:37 AM io.gapi.emulators.netty.HttpVersionRoutingHandler channelRead
INFO: Detected non-HTTP/2 connection.
Aug 11, 2026 12:09:44 AM io.gapi.emulators.netty.HttpVersionRoutingHandler channelRead
INFO: Detected non-HTTP/2 connection.
Aug 11, 2026 12:09:47 AM io.gapi.emulators.netty.HttpVersionRoutingHandler channelRead
INFO: Detected non-HTTP/2 connection.
Aug 11, 2026 12:10:37 AM io.gapi.emulators.netty.HttpVersionRoutingHandler channelRead
INFO: Detected non-HTTP/2 connection.
Aug 11, 2026 12:10:55 AM io.gapi.emulators.netty.HttpVersionRoutingHandler channelRead
INFO: Detected non-HTTP/2 connection.
Aug 11, 2026 12:10:57 AM io.gapi.emulators.netty.HttpVersionRoutingHandler channelRead
INFO: Detected non-HTTP/2 connection.
Aug 11, 2026 12:11:52 AM io.gapi.emulators.netty.HttpVersionRoutingHandler channelRead
INFO: Detected non-HTTP/2 connection.
Aug 11, 2026 12:12:11 AM io.gapi.emulators.netty.HttpVersionRoutingHandler channelRead
INFO: Detected non-HTTP/2 connection.
Aug 11, 2026 12:12:11 AM io.gapi.emulators.netty.HttpVersionRoutingHandler channelRead
INFO: Detected non-HTTP/2 connection.
Aug 11, 2026 12:12:40 AM io.gapi.emulators.netty.HttpVersionRoutingHandler channelRead
INFO: Detected non-HTTP/2 connection.
Aug 11, 2026 12:13:25 AM io.gapi.emulators.netty.HttpVersionRoutingHandler channelRead
INFO: Detected non-HTTP/2 connection.
Aug 11, 2026 12:13:30 AM io.gapi.emulators.netty.HttpVersionRoutingHandler channelRead
INFO: Detected non-HTTP/2 connection.
Aug 11, 2026 12:13:30 AM io.gapi.emulators.netty.HttpVersionRoutingHandler channelRead
INFO: Detected non-HTTP/2 connection.
Aug 11, 2026 12:14:09 AM io.gapi.emulators.netty.HttpVersionRoutingHandler channelRead
INFO: Detected non-HTTP/2 connection.
Aug 11, 2026 12:14:33 AM io.gapi.emulators.netty.HttpVersionRoutingHandler channelRead
INFO: Detected non-HTTP/2 connection.
Aug 11, 2026 12:14:33 AM io.gapi.emulators.netty.HttpVersionRoutingHandler channelRead
INFO: Detected non-HTTP/2 connection.
Aug 11, 2026 12:14:55 AM io.gapi.emulators.netty.HttpVersionRoutingHandler channelRead
INFO: Detected non-HTTP/2 connection.
Aug 11, 2026 12:15:37 AM io.gapi.emulators.netty.HttpVersionRoutingHandler channelRead
INFO: Detected non-HTTP/2 connection.
Aug 11, 2026 12:15:37 AM io.gapi.emulators.netty.HttpVersionRoutingHandler channelRead
INFO: Detected non-HTTP/2 connection.
Aug 11, 2026 12:15:56 AM io.gapi.emulators.netty.HttpVersionRoutingHandler channelRead
INFO: Detected non-HTTP/2 connection.
Aug 11, 2026 12:16:24 AM io.gapi.emulators.netty.HttpVersionRoutingHandler channelRead
INFO: Detected non-HTTP/2 connection.
Aug 11, 2026 12:16:24 AM io.gapi.emulators.netty.HttpVersionRoutingHandler channelRead
INFO: Detected non-HTTP/2 connection.
Aug 11, 2026 12:17:07 AM io.gapi.emulators.netty.HttpVersionRoutingHandler channelRead
INFO: Detected non-HTTP/2 connection.
Aug 11, 2026 12:17:07 AM io.gapi.emulators.netty.HttpVersionRoutingHandler channelRead
INFO: Detected non-HTTP/2 connection.
Aug 11, 2026 12:17:12 AM io.gapi.emulators.netty.HttpVersionRoutingHandler channelRead
INFO: Detected non-HTTP/2 connection.
Aug 11, 2026 12:17:52 AM io.gapi.emulators.netty.HttpVersionRoutingHandler channelRead
INFO: Detected non-HTTP/2 connection.
Aug 11, 2026 12:17:56 AM io.gapi.emulators.netty.HttpVersionRoutingHandler channelRead
INFO: Detected non-HTTP/2 connection.
